{
    "defaults": {
        "ParamsCell": {
            "Vnom_default": 2.4,
            "Qfull": 2,
            "calendar_choice": 0,
            "chem": 1,
            "life_model": 2,
            "cycling_matrix": [
                [20, 0, 100],
                [20, 10000, 90],
                [20, 20000, 85.42],
                [20, 30000, 83.33],
                [80, 0, 100],
                [80, 2000, 90],
                [80, 4000, 85.42],
                [80, 6000, 83.33]
            ],
            "resistance": 0.001,
            "voltage_choice": 1,
            "voltage_matrix":[
                [0, 2.66443299],
                [3.538710415, 2.63900522],
                [10.42095268, 2.612970471],
                [17.30319495, 2.593547721],
                [24.18543722, 2.576117428],
                [31.06767949, 2.558760928],
                [37.94992175, 2.540459858],
                [44.83216402, 2.520372957],
                [51.71440629, 2.498618297],
                [58.59664856, 2.476125691],
                [65.47889082, 2.452821343],
                [72.36113309, 2.427554059],
                [79.24337536, 2.402080149],
                [86.12561763, 2.374171016],
                [93.00785989, 2.334867991],
                [97.39981713, 2.245030365],
                [98.58997933, 2.038415189],
                [98.6723647, 1.784428794],
                [99.07509979, 1.614765137],
                [100, 1.1]
            ]
        },
        "ParamsPack": {
            "Cp": 900.0,
            "T_room_init": 20,
            "cap_vs_temp": [
                [
                    -20, 72.33333333
                ],
                [
                    -10, 81.8
                ],
                [
                    0, 88.8
                ],
                [
                    10, 93
                ],
                [
                    23, 96.66666667
                ],
                [
                    45, 101
                ],
                [
                    60, 101
                ]
            ],
            "h": 7.5,
            "mass": 500,
            "nominal_energy": 10.0,
            "nominal_voltage": 200,
            "surface_area": 6.3
        }
    }
}
