{
	"defaults": {
		"GeoHourly": {
			"CT": 3,
			"HTF": 3,
			"P_boil": 2,
			"P_cond_min": 1.25,
			"P_cond_ratio": 1.0028,
			"T_ITD_des": 16,
			"T_amb_des": 15,
			"T_approach": 5,
			"T_htf_cold_ref": 90,
			"T_htf_hot_ref": 200,
			"ambient_pressure": 14.7,
			"analysis_type": 0,
			"casing_size": 9.625,
			"conversion_subtype": 0,
			"conversion_type": 0,
			"dT_cw_ref": 10,
			"decline_type": 0,
			"delta_pressure_equip": 40,
			"design_temp": 200,
			"dt_prod_well": 0,
			"eta_ref": 0.17,
			"excess_pressure_pump": 50,
			"fracture_angle": 15,
			"fracture_aperature": 0.0004,
			"fracture_length": 1000,
			"fracture_spacing": 50,
			"fracture_width": 175,
			"geotherm_cost_inj_cost_curve_welltype": 0,
			"geotherm_cost_inj_prod_well_ratio": 0.75,
			"geotherm_cost_prod_cost_curve_welltype": 0,
			"geothermal_analysis_period": 25,
			"hc_ctl1": 0,
			"hc_ctl2": 0,
			"hc_ctl3": 0,
			"hc_ctl4": 0,
			"hc_ctl5": 0,
			"hc_ctl6": 0,
			"hc_ctl7": 0,
			"hc_ctl8": 0,
			"hc_ctl9": 0,
			"hr_pl_nlev": 8,
			"hybrid_dispatch_schedule": "111111111111111111111111111111111111111111111111111111111111111111111111111111111111111111111111111111111111111111111111111111111111111111111111111111111111111111111111111111111111111111111111111111111111111111111111111111111111111111111111111111111111111111111111111111111111111111111111",
			"inj_casing_size": 11.5,
			"inj_prod_well_distance": 1500,
			"inj_well_diam": 12.25,
			"model_choice": 0,
			"nameplate": 30000,
			"num_fractures": 6,
			"num_wells": 3,
			"num_wells_getem": 4.24196,
			"pb_bd_frac": 0.013,
			"plant_efficiency_input": 80,
			"prod_well_choice": 0,
			"pump_efficiency": 67.5,
			"q_sby_frac": 0.2,
			"reservoir_height": 100,
			"reservoir_model_inputs": [
				[0.000000, 20.000000, 100.000000],
				[100.000000, 85.664100, 133.702000],
				[200.000000, 109.231000, 145.774000],
				[300.000000, 125.793000, 153.176000],
				[400.000000, 138.496000, 158.363000],
				[500.000000, 148.656000, 162.258000],
				[600.000000, 157.010000, 165.316000],
				[700.000000, 164.020000, 167.796000],
				[800.000000, 169.999000, 169.857000],
				[900.000000, 175.162000, 171.595000],
				[1000.000000, 179.677000, 173.088000],
				[2000.000000, 202.057000, 179.341000],
				[3000.000000, 214.012000, 182.249000],
				[4000.000000, 221.003000, 183.484000],
				[5000.000000, 225.393000, 183.885000],
				[6000.000000, 228.252000, 183.830000],
				[7000.000000, 230.158000, 183.520000],
				[8000.000000, 231.427000, 183.061000],
				[9000.000000, 232.273000, 182.523000],
				[10000.000000, 232.804000, 181.935000],
				[11611.000000, 233.007000, 180.864000],
				[13481.000000, 232.952000, 179.687000],
				[15653.000000, 232.616000, 178.402000],
				[18174.000000, 232.018000, 177.025000],
				[21101.000000, 231.189000, 175.576000],
				[24501.000000, 230.154000, 174.069000],
				[28447.000000, 228.943000, 172.521000],
				[33029.000000, 227.585000, 170.951000],
				[38350.000000, 226.102000, 169.366000],
				[44527.000000, 224.520000, 167.780000],
				[51700.000000, 222.854000, 166.202000],
				[60028.000000, 221.122000, 164.637000],
				[69697.000000, 219.340000, 163.091000],
				[80924.000000, 217.520000, 161.570000],
				[93959.000000, 215.672000, 160.079000],
				[109094.000000, 213.803000, 158.615000],
				[126667.000000, 211.925000, 157.186000],
				[147071.000000, 210.045000, 155.791000],
				[170762.000000, 208.169000, 154.431000],
				[198268.000000, 206.301000, 153.108000],
				[230206.000000, 204.446000, 151.818000],
				[267287.000000, 202.606000, 150.567000],
				[310342.000000, 200.785000, 149.349000],
				[360333.000000, 198.986000, 148.167000],
				[418376.000000, 197.208000, 147.018000],
				[485768.000000, 195.453000, 145.904000],
				[564016.000000, 193.724000, 144.820000],
				[654869.000000, 192.021000, 143.771000],
				[760356.000000, 190.345000, 142.750000],
				[882835.000000, 188.695000, 141.760000],
				[1025040.000000, 187.073000, 140.798000],
				[1190160.000000, 185.479000, 139.865000],
				[1381870.000000, 183.912000, 138.958000],
				[1604460.000000, 182.374000, 138.077000],
				[1862920.000000, 180.861000, 137.223000],
				[2163000.000000, 179.368000, 136.386000],
				[2511410.000000, 177.898000, 135.571000],
				[2915960.000000, 176.460000, 134.784000],
				[3385660.000000, 175.046000, 134.016000],
				[3931030.000000, 173.663000, 133.273000],
				[4564240.000000, 172.302000, 132.549000],
				[5299460.000000, 170.980000, 131.850000],
				[6153100.000000, 169.667000, 131.164000],
				[7144250.000000, 168.393000, 130.504000],
				[8295060.000000, 167.121000, 129.849000],
				[9631240.000000, 165.895000, 129.224000],
				[11182700.000000, 164.690000, 128.614000],
				[12984000.000000, 163.505000, 128.019000],
				[15075400.000000, 162.390000, 127.463000],
				[17503800.000000, 161.240000, 126.894000],
				[20323400.000000, 160.111000, 126.339000],
				[23597100.000000, 159.003000, 125.798000],
				[27398100.000000, 157.916000, 125.270000],
				[31811400.000000, 156.848000, 124.757000],
				[36935700.000000, 155.800000, 124.256000],
				[42885300.000000, 154.770000, 123.765000],
				[49793400.000000, 153.758000, 123.287000],
				[57814100.000000, 152.765000, 122.821000],
				[67126900.000000, 151.788000, 122.366000],
				[77939800.000000, 150.829000, 121.921000],
				[90494500.000000, 149.886000, 121.485000],
				[105071000.000000, 148.959000, 121.060000],
				[121997000.000000, 148.048000, 120.646000],
				[141648000.000000, 147.151000, 120.239000],
				[164465000.000000, 146.269000, 119.840000],
				[190957000.000000, 145.400000, 119.450000],
				[221716000.000000, 144.545000, 119.068000],
				[257431000.000000, 143.702000, 118.695000],
				[298898000.000000, 142.871000, 118.328000],
				[347045000.000000, 142.053000, 117.967000],
				[402948000.000000, 141.233000, 117.608000],
				[467855000.000000, 140.435000, 117.260000],
				[543218000.000000, 139.646000, 116.919000],
				[630720000.000000, 138.869000, 116.584000]
			],
			"reservoir_permeability": 0.05,
			"reservoir_pressure_change": 0.4,
			"reservoir_pressure_change_type": 0,
			"reservoir_width": 500,
			"resource_depth": 2000,
			"resource_potential": 210,
			"resource_temp": 200,
			"resource_type": 0,
			"rock_density": 2600,
			"rock_specific_heat": 950,
			"rock_thermal_conductivity": 3,
			"specified_pump_work_amount": 0,
			"specify_pump_work": 0,
			"startup_frac": 0.2,
			"startup_time": 1,
			"subsurface_water_loss": 2,
			"system_use_lifetime_output": 1,
			"temp_decline_max": 30,
			"temp_decline_rate": 0.5,
			"ui_calculations_only": 0,
			"well_diameter": 12.25,
			"well_flow_rate": 110,
			"wet_bulb_temp": 15
		},
		"AdjustmentFactors": {
			"constant": 0
		}
	}
}