{
	"defaults": {
		"SolarResourceData": {
		},
		"PVWatts": {
			"system_capacity": 1126.66
		},
		"HCPVModule": {
			"module_a": -3.2,
			"module_a0": 0.935,
			"module_a1": 0.06557,
			"module_a2": -0.017012,
			"module_a3": 0.0015426,
			"module_a4": -4.57e-05,
			"module_alignment_error": 0.93,
			"module_b": -0.09,
			"module_cell_area": 1,
			"module_concentration": 700,
			"module_dT": 17,
			"module_flutter_loss_coeff": 0.01,
			"module_mjeff": [30.000000, 34.000000, 36.000000, 37.000000, 37.000000],
			"module_ncells": 20,
			"module_optical_error": 0.9,
			"module_rad": [200.000000, 400.000000, 600.000000, 900.000000, 1000.000000],
			"module_reference": 3,
			"module_temp_coeff": -0.15
		},
		"InverterCECDatabase": {
			"inv_snl_c0": -5.94e-08,
			"inv_snl_c1": 4.3e-05,
			"inv_snl_c2": 0.001046,
			"inv_snl_c3": 0.000357,
			"inv_snl_paco": 333000,
			"inv_snl_pdco": 342459,
			"inv_snl_pnt": 99.9,
			"inv_snl_pso": 1161.53,
			"inv_snl_vdcmax": 960,
			"inv_snl_vdco": 740
		},
		"HCPVArray": {
			"array_ac_wiring_loss": 0.99,
			"array_dc_mismatch_loss": 0.97,
			"array_dc_wiring_loss": 0.97,
			"array_diode_conn_loss": 0.99,
			"array_enable_azalt_sf": 0,
			"array_modules_per_tracker": 150,
			"array_monthly_soiling": [0.950000, 0.950000, 0.950000, 0.950000, 0.950000, 0.950000, 0.950000, 0.950000, 0.950000, 0.950000, 0.950000, 0.950000],
			"array_num_inverters": 4,
			"array_num_trackers": 20,
			"array_rlim_az_max": 310,
			"array_rlim_az_min": 50,
			"array_rlim_el_max": 85,
			"array_rlim_el_min": 15,
			"array_tracker_power_fraction": 0.02,
			"array_tracking_error": 0.98,
			"array_wind_stow_speed": 11,
			"azaltsf": [
				[180.000000, 0.000000, 20.000000, 40.000000, 60.000000, 80.000000, 100.000000, 120.000000, 140.000000, 160.000000, 180.000000, 200.000000, 220.000000, 240.000000, 260.000000, 280.000000, 300.000000, 320.000000, 340.000000],
				[90.000000, 1.000000, 1.000000, 1.000000, 1.000000, 1.000000, 1.000000, 1.000000, 1.000000, 1.000000, 1.000000, 1.000000, 1.000000, 1.000000, 1.000000, 1.000000, 1.000000, 1.000000, 1.000000],
				[80.000000, 1.000000, 1.000000, 1.000000, 1.000000, 1.000000, 1.000000, 1.000000, 1.000000, 1.000000, 1.000000, 1.000000, 1.000000, 1.000000, 1.000000, 1.000000, 1.000000, 1.000000, 1.000000],
				[70.000000, 1.000000, 1.000000, 1.000000, 1.000000, 1.000000, 1.000000, 1.000000, 1.000000, 1.000000, 1.000000, 1.000000, 1.000000, 1.000000, 1.000000, 1.000000, 1.000000, 1.000000, 1.000000],
				[60.000000, 1.000000, 1.000000, 1.000000, 1.000000, 1.000000, 1.000000, 1.000000, 1.000000, 1.000000, 1.000000, 1.000000, 1.000000, 1.000000, 1.000000, 1.000000, 1.000000, 1.000000, 1.000000],
				[50.000000, 1.000000, 1.000000, 1.000000, 1.000000, 1.000000, 1.000000, 1.000000, 1.000000, 1.000000, 1.000000, 1.000000, 1.000000, 1.000000, 1.000000, 1.000000, 1.000000, 1.000000, 1.000000],
				[40.000000, 1.000000, 1.000000, 1.000000, 1.000000, 1.000000, 1.000000, 1.000000, 1.000000, 1.000000, 1.000000, 1.000000, 1.000000, 1.000000, 1.000000, 1.000000, 1.000000, 1.000000, 1.000000],
				[30.000000, 1.000000, 1.000000, 1.000000, 1.000000, 1.000000, 1.000000, 1.000000, 1.000000, 1.000000, 1.000000, 1.000000, 1.000000, 1.000000, 1.000000, 1.000000, 1.000000, 1.000000, 1.000000],
				[20.000000, 1.000000, 1.000000, 1.000000, 1.000000, 1.000000, 1.000000, 1.000000, 1.000000, 1.000000, 1.000000, 1.000000, 1.000000, 1.000000, 1.000000, 1.000000, 1.000000, 1.000000, 1.000000],
				[10.000000, 1.000000, 1.000000, 1.000000, 1.000000, 1.000000, 1.000000, 1.000000, 1.000000, 1.000000, 1.000000, 1.000000, 1.000000, 1.000000, 1.000000, 1.000000, 1.000000, 1.000000, 1.000000],
				[2.000000, 1.000000, 1.000000, 1.000000, 1.000000, 1.000000, 1.000000, 1.000000, 1.000000, 1.000000, 1.000000, 1.000000, 1.000000, 1.000000, 1.000000, 1.000000, 1.000000, 1.000000, 1.000000]
			]
		},
		"AdjustmentFactors": {
			"constant": 0
		}
	}
}