{
	"defaults": {
		"Weather": {
		},
		"Solarfield": {
			"A_aperture": [
				[513.600000],
				[0.000000]
			],
			"AbsorberMaterial": [
				[1.000000],
				[0.000000]
			],
			"AnnulusGas": [
				[1.000000, 1.000000, 1.000000, 1.000000],
				[0.000000, 0.000000, 0.000000, 0.000000]
			],
			"ColAz": 0,
			"D_2": [
				[0.066000],
				[0.000000]
			],
			"D_3": [
				[0.070000],
				[0.000000]
			],
			"D_4": [
				[0.115000],
				[0.000000]
			],
			"D_5": [
				[0.120000],
				[0.000000]
			],
			"D_p": [
				[0.000000],
				[0.000000]
			],
			"Design_loss": [
				[150.000000, 1100.000000, 1500.000000, 0.000000],
				[0.000000, 0.000000, 0.000000, 0.000000]
			],
			"Dirt_HCE": [
				[0.980000, 0.980000, 1.000000, 0.000000],
				[0.000000, 0.000000, 0.000000, 0.000000]
			],
			"EPSILON_4": [
				[0.860000, 0.860000, 1.000000, 0.000000],
				[0.000000, 0.000000, 0.000000, 0.000000]
			],
			"Flow_type": [
				[1.000000],
				[0.000000]
			],
			"GeomEffects": [
				[0.840000],
				[0.000000]
			],
			"GlazingIntactIn": [
				[1.000000, 1.000000, 0.000000, 1.000000],
				[0.000000, 0.000000, 0.000000, 0.000000]
			],
			"HCE_FieldFrac": [
				[0.985000, 0.010000, 0.005000, 0.000000],
				[0.000000, 0.000000, 0.000000, 0.000000]
			],
			"HLCharType": [
				[1.000000],
				[0.000000]
			],
			"HL_W": [
				[1.000000, 0.000000, 0.000000, 0.000000, 0.000000],
				[0.000000, 0.000000, 0.000000, 0.000000, 0.000000]
			],
			"HL_dT": [
				[0.000000, 0.672000, 0.002556, 0.000000, 0.000000],
				[0.000000, 0.000000, 0.000000, 0.000000, 0.000000]
			],
			"IAM_L": [
				[1.003100, -0.225900, 0.536800, -1.643400, 0.722200],
				[0.000000, 0.000000, 0.000000, 0.000000, 0.000000]
			],
			"IAM_T": [
				[0.989600, 0.044000, -0.072100, -0.232700, 0.000000],
				[0.000000, 0.000000, 0.000000, 0.000000, 0.000000]
			],
			"I_bn_des": 950,
			"L_col": [
				[44.800000],
				[0.000000]
			],
			"OptCharType": [
				[1.000000],
				[0.000000]
			],
			"P_a": [
				[0.000100, 750.000000, 750.000000, 0.000000],
				[0.000000, 0.000000, 0.000000, 0.000000]
			],
			"P_turb_des": 20,
			"Pipe_hl_coef": 0.0035,
			"Rough": [
				[0.000045],
				[0.000000]
			],
			"SCA_drives_elec": 0.2,
			"Shadowing": [
				[0.960000, 0.960000, 0.960000, 0.000000],
				[0.000000, 0.000000, 0.000000, 0.000000]
			],
			"T_amb_des_sf": 42,
			"T_fp": 10,
			"Tau_envelope": [
				[0.963000, 0.963000, 1.000000, 0.000000],
				[0.000000, 0.000000, 0.000000, 0.000000]
			],
			"TrackingError": [
				[1.000000],
				[0.000000]
			],
			"V_wind_max": 20,
			"alpha_abs": [
				[0.960000, 0.960000, 0.800000, 0.000000],
				[0.000000, 0.000000, 0.000000, 0.000000]
			],
			"alpha_env": [
				[0.020000, 0.020000, 0.000000, 0.000000],
				[0.000000, 0.000000, 0.000000, 0.000000]
			],
			"b_OpticalTable": [
				[-180.000000, -160.000000, -140.000000, -120.000000, -100.000000, -80.000000, -60.000000, -40.000000, -20.000000, 0.000000, 20.000000, 40.000000, 60.000000, 80.000000, 100.000000, 120.000000, 140.000000, 160.000000, 180.000000, -999.900000],
				[0.000000, 1.000000, 1.000000, 1.000000, 1.000000, 1.000000, 1.000000, 1.000000, 1.000000, 1.000000, 1.000000, 1.000000, 1.000000, 1.000000, 1.000000, 1.000000, 1.000000, 1.000000, 1.000000, 1.000000],
				[10.000000, 0.980000, 0.974445, 0.971976, 0.972847, 0.976910, 0.976910, 0.972847, 0.971976, 0.974445, 0.980000, 0.974445, 0.971976, 0.972847, 0.976910, 0.976910, 0.972847, 0.971976, 0.974445, 0.980000],
				[20.000000, 0.930000, 0.922976, 0.928930, 0.946005, 0.954019, 0.954019, 0.946005, 0.928930, 0.922976, 0.930000, 0.922976, 0.928930, 0.946005, 0.954019, 0.954019, 0.946005, 0.928930, 0.922976, 0.930000],
				[30.000000, 0.840000, 0.838618, 0.870691, 0.913021, 0.940911, 0.940911, 0.913021, 0.870691, 0.838618, 0.840000, 0.838618, 0.870691, 0.913021, 0.940911, 0.940911, 0.913021, 0.870691, 0.838618, 0.840000],
				[40.000000, 0.720000, 0.729947, 0.803687, 0.866961, 0.900039, 0.900039, 0.866961, 0.803687, 0.729947, 0.720000, 0.729947, 0.803687, 0.866961, 0.900039, 0.900039, 0.866961, 0.803687, 0.729947, 0.720000],
				[50.000000, 0.550000, 0.591255, 0.707454, 0.793509, 0.839560, 0.839560, 0.793509, 0.707454, 0.591255, 0.550000, 0.591255, 0.707454, 0.793509, 0.839560, 0.839560, 0.793509, 0.707454, 0.591255, 0.550000],
				[60.000000, 0.340000, 0.432178, 0.597478, 0.664006, 0.693511, 0.693511, 0.664006, 0.597478, 0.432178, 0.340000, 0.432178, 0.597478, 0.664006, 0.693511, 0.693511, 0.664006, 0.597478, 0.432178, 0.340000],
				[70.000000, 0.130000, 0.265254, 0.425586, 0.464496, 0.477106, 0.477106, 0.464496, 0.425586, 0.265254, 0.130000, 0.265254, 0.425586, 0.464496, 0.477106, 0.477106, 0.464496, 0.425586, 0.265254, 0.130000],
				[80.000000, 0.010000, 0.113694, 0.208910, 0.233255, 0.238828, 0.238828, 0.233255, 0.208910, 0.113694, 0.010000, 0.113694, 0.208910, 0.233255, 0.238828, 0.238828, 0.233255, 0.208910, 0.113694, 0.010000],
				[90.000000, 0.000000, 0.000000, 0.000000, 0.000000, 0.000000, 0.000000, 0.000000, 0.000000, 0.000000, 0.000000, 0.000000, 0.000000, 0.000000, 0.000000, 0.000000, 0.000000, 0.000000, 0.000000, 0.000000]
			],
			"b_eps_HCE1": [
				[0.000000],
				[0.138400]
			],
			"b_eps_HCE2": [
				[0.000000],
				[0.650000]
			],
			"b_eps_HCE3": [
				[0.000000],
				[0.650000]
			],
			"b_eps_HCE4": [
				[0.000000],
				[0.138400]
			],
			"deltaT_subcooled": 10,
			"dirt_mirror": [
				[0.950000],
				[0.000000]
			],
			"e_startup": 2.7,
			"error": [
				[1.000000],
				[0.000000]
			],
			"eta_pump": 0.85,
			"fP_hdr_c": 0.01,
			"fP_hdr_h": 0.025,
			"fP_sf_boil": 0.075,
			"nLoops": 3,
			"nModBoil": 6,
			"q_pb_des": 5,
			"rho_mirror_clean": [
				[0.935000],
				[0.000000]
			],
			"sh_OpticalTable": [
				[0.000000, 0.000000],
				[0.000000, 0.000000]
			],
			"sh_eps_HCE1": [
				[0.000000],
				[0.000000]
			],
			"sh_eps_HCE2": [
				[0.000000],
				[0.000000]
			],
			"sh_eps_HCE3": [
				[0.000000],
				[0.000000]
			],
			"sh_eps_HCE4": [
				[0.000000],
				[0.000000]
			],
			"theta_dep": 10,
			"theta_stow": 10,
			"use_quality_or_subcooled": 0,
			"x_b_des": 0.75
		},
		"Powerblock": {
			"T_cold_ref": 100
		},
		"Heliostat": {
			"csp_lf_sf_washes_per_year": 12,
			"csp_lf_sf_water_per_wash": 0.02
		},
		"HeatSink": {
			"heat_sink_dP_frac": 0.01
		},
		"AdjustmentFactors": {
			"constant": 4
		}
	}
}