{
	"defaults": {
		"MHKTidal": {
			"balance_of_system_cost_total": 8.54200e+06,
			"device_costs_total": 4.23112e+06,
			"financial_cost_total": 1.11936e+06,
			"fixed_charge_rate": 0.108,
			"loss_additional": 0,
			"loss_array_spacing": 0,
			"loss_downtime": 5,
			"loss_resource_overprediction": 0,
			"loss_transmission": 2,
			"number_devices": 1,
			"tidal_power_curve": [
				[0.000000, 0.000000],
				[0.100000, 0.000000],
				[0.200000, 0.000000],
				[0.300000, 0.000000],
				[0.400000, 0.000000],
				[0.500000, 0.000000],
				[0.600000, 10.421100],
				[0.700000, 20.842300],
				[0.800000, 39.968900],
				[0.900000, 59.095600],
				[1.000000, 89.201600],
				[1.100000, 119.308000],
				[1.200000, 160.886000],
				[1.300000, 202.464000],
				[1.400000, 259.292000],
				[1.500000, 316.120000],
				[1.600000, 392.673000],
				[1.700000, 469.226000],
				[1.800000, 570.306000],
				[1.900000, 671.386000],
				[2.000000, 802.908000],
				[2.100000, 934.430000],
				[2.200000, 1024.710000],
				[2.300000, 1115.000000],
				[2.400000, 1115.000000],
				[2.500000, 1115.000000],
				[2.600000, 1115.000000],
				[2.700000, 1115.000000],
				[2.800000, 1115.000000],
				[2.900000, 1115.000000],
				[3.000000, 1115.000000],
				[3.100000, 1115.000000],
				[3.200000, 1085.370000],
				[3.300000, 1055.730000]
			],
			"tidal_resource": [
				[0.000000, 0.009000],
				[0.100000, 0.031000],
				[0.200000, 0.042000],
				[0.300000, 0.044000],
				[0.400000, 0.048000],
				[0.500000, 0.049000],
				[0.600000, 0.053000],
				[0.700000, 0.051000],
				[0.800000, 0.052000],
				[0.900000, 0.056000],
				[1.000000, 0.050000],
				[1.100000, 0.052000],
				[1.200000, 0.050000],
				[1.300000, 0.048000],
				[1.400000, 0.047000],
				[1.500000, 0.043000],
				[1.600000, 0.042000],
				[1.700000, 0.040000],
				[1.800000, 0.034000],
				[1.900000, 0.031000],
				[2.000000, 0.026000],
				[2.100000, 0.023000],
				[2.200000, 0.020000],
				[2.300000, 0.016000],
				[2.400000, 0.013000],
				[2.500000, 0.011000],
				[2.600000, 0.007000],
				[2.700000, 0.005000],
				[2.800000, 0.004000],
				[2.900000, 0.002000],
				[3.000000, 0.001000],
				[3.100000, 0.000000],
				[3.200000, 0.000000],
				[3.300000, 0.000000]
			],
			"total_operating_cost": 1.36208e+06
		}
	}
}