{
	"defaults": {
		"MHKWave": {
			"device_rated_power": 286,
			"loss_additional": 0,
			"loss_array_spacing": 0,
			"loss_downtime": 2,
			"loss_resource_overprediction": 0,
			"loss_transmission": 5,
			"number_devices": 1,
			"system_capacity": 286,
			"wave_power_matrix": [
				[0.000000, 0.500000, 1.500000, 2.500000, 3.500000, 4.500000, 5.500000, 6.500000, 7.500000, 8.500000, 9.500000, 10.500000, 11.500000, 12.500000, 13.500000, 14.500000, 15.500000, 16.500000, 17.500000, 18.500000, 19.500000, 20.500000],
				[0.250000, 0.000000, 0.000000, 0.000000, 0.000000, 0.400000, 0.600000, 0.800000, 1.000000, 1.100000, 1.100000, 1.000000, 0.800000, 0.700000, 0.600000, 0.500000, 0.400000, 0.300000, 0.300000, 0.200000, 0.200000, 0.000000],
				[0.750000, 0.000000, 0.000000, 0.000000, 0.000000, 3.200000, 5.300000, 7.400000, 9.100000, 9.800000, 9.500000, 8.600000, 7.400000, 6.200000, 5.100000, 4.100000, 3.400000, 2.800000, 2.300000, 1.900000, 1.600000, 0.000000],
				[1.250000, 0.000000, 0.000000, 0.000000, 0.000000, 9.000000, 14.800000, 20.500000, 25.000000, 26.800000, 25.900000, 23.300000, 20.000000, 16.800000, 13.800000, 11.300000, 9.200000, 7.600000, 6.300000, 5.200000, 4.300000, 0.000000],
				[1.750000, 0.000000, 0.000000, 0.000000, 0.000000, 17.600000, 28.900000, 39.900000, 48.300000, 51.600000, 49.700000, 44.700000, 38.400000, 32.200000, 26.500000, 21.700000, 17.800000, 14.600000, 12.100000, 10.000000, 8.400000, 0.000000],
				[2.250000, 0.000000, 0.000000, 0.000000, 0.000000, 29.000000, 47.500000, 65.400000, 78.800000, 83.800000, 80.600000, 72.400000, 62.300000, 52.200000, 43.000000, 35.300000, 28.900000, 23.800000, 19.700000, 16.300000, 13.700000, 0.000000],
				[2.750000, 0.000000, 0.000000, 0.000000, 0.000000, 43.200000, 70.700000, 97.000000, 116.300000, 123.100000, 118.100000, 106.100000, 91.300000, 76.500000, 63.200000, 51.900000, 42.500000, 35.000000, 28.900000, 24.100000, 20.100000, 0.000000],
				[3.250000, 0.000000, 0.000000, 0.000000, 0.000000, 60.200000, 98.300000, 134.500000, 160.500000, 169.300000, 162.100000, 145.500000, 125.200000, 105.000000, 86.800000, 71.300000, 58.500000, 48.200000, 39.900000, 33.200000, 27.800000, 0.000000],
				[3.750000, 0.000000, 0.000000, 0.000000, 0.000000, 79.900000, 130.400000, 177.800000, 211.200000, 222.000000, 212.200000, 190.400000, 164.000000, 137.600000, 113.800000, 93.600000, 76.900000, 63.300000, 52.500000, 43.700000, 36.600000, 0.000000],
				[4.250000, 0.000000, 0.000000, 0.000000, 0.000000, 102.400000, 166.700000, 226.700000, 268.300000, 281.100000, 268.200000, 240.500000, 207.200000, 174.100000, 144.100000, 118.500000, 97.400000, 80.300000, 66.600000, 55.500000, 46.500000, 0.000000],
				[4.750000, 0.000000, 0.000000, 0.000000, 0.000000, 127.600000, 207.400000, 281.200000, 286.000000, 286.000000, 286.000000, 286.000000, 255.000000, 214.300000, 177.500000, 146.100000, 120.200000, 99.200000, 82.200000, 68.600000, 57.600000, 0.000000],
				[5.250000, 0.000000, 0.000000, 0.000000, 0.000000, 155.400000, 252.400000, 286.000000, 286.000000, 286.000000, 286.000000, 286.000000, 286.000000, 258.200000, 214.000000, 176.300000, 145.100000, 119.800000, 99.400000, 83.000000, 69.700000, 0.000000],
				[5.750000, 0.000000, 0.000000, 0.000000, 0.000000, 186.000000, 286.000000, 286.000000, 286.000000, 286.000000, 286.000000, 286.000000, 286.000000, 286.000000, 253.600000, 209.000000, 172.200000, 142.200000, 118.100000, 98.600000, 82.800000, 0.000000],
				[6.250000, 0.000000, 0.000000, 0.000000, 0.000000, 219.200000, 286.000000, 286.000000, 286.000000, 286.000000, 286.000000, 286.000000, 286.000000, 286.000000, 286.000000, 244.200000, 201.200000, 166.400000, 138.200000, 115.500000, 97.100000, 0.000000],
				[6.750000, 0.000000, 0.000000, 0.000000, 0.000000, 255.000000, 286.000000, 286.000000, 286.000000, 286.000000, 286.000000, 286.000000, 286.000000, 286.000000, 286.000000, 281.900000, 232.400000, 192.200000, 159.700000, 133.500000, 112.300000, 0.000000],
				[7.250000, 0.000000, 0.000000, 0.000000, 0.000000, 286.000000, 286.000000, 286.000000, 286.000000, 286.000000, 286.000000, 286.000000, 286.000000, 286.000000, 286.000000, 286.000000, 265.600000, 219.800000, 182.800000, 152.900000, 128.700000, 0.000000],
				[7.750000, 0.000000, 0.000000, 0.000000, 0.000000, 286.000000, 286.000000, 286.000000, 286.000000, 286.000000, 286.000000, 286.000000, 286.000000, 286.000000, 286.000000, 286.000000, 286.000000, 249.000000, 207.200000, 173.400000, 146.000000, 0.000000],
				[8.250000, 0.000000, 0.000000, 0.000000, 0.000000, 286.000000, 286.000000, 286.000000, 286.000000, 286.000000, 286.000000, 286.000000, 286.000000, 286.000000, 286.000000, 286.000000, 286.000000, 279.900000, 233.000000, 195.100000, 164.400000, 0.000000],
				[8.750000, 0.000000, 0.000000, 0.000000, 0.000000, 286.000000, 286.000000, 286.000000, 286.000000, 286.000000, 286.000000, 286.000000, 286.000000, 286.000000, 286.000000, 286.000000, 286.000000, 286.000000, 260.200000, 218.000000, 183.800000, 0.000000],
				[9.250000, 0.000000, 0.000000, 0.000000, 0.000000, 286.000000, 286.000000, 286.000000, 286.000000, 286.000000, 286.000000, 286.000000, 286.000000, 286.000000, 286.000000, 286.000000, 286.000000, 286.000000, 286.000000, 242.100000, 204.100000, 0.000000],
				[9.750000, 0.000000, 0.000000, 0.000000, 0.000000, 286.000000, 286.000000, 286.000000, 286.000000, 286.000000, 286.000000, 286.000000, 286.000000, 286.000000, 286.000000, 286.000000, 286.000000, 286.000000, 286.000000, 267.400000, 225.600000, 0.000000]
			],