{
	"defaults": {
		"MHKWave": {
			"rated_capacity": 328,
			"wave_power_curve": [
				[0.000000, 0.500000, 1.500000, 2.500000, 3.500000, 4.500000, 5.500000, 6.500000, 7.500000, 8.500000, 9.500000, 10.500000, 11.500000, 12.500000, 13.500000, 14.500000, 15.500000, 16.500000, 17.500000, 18.500000, 19.500000, 20.500000],
				[0.250000, 2.050450, 2.154540, 2.016370, 1.847330, 2.386970, 3.552590, 4.603070, 5.275910, 5.397640, 5.050890, 4.448920, 3.772730, 3.129600, 2.567670, 2.099300, 1.718290, 1.411490, 1.165590, 0.968417, 0.880558, 0.800000],
				[0.750000, 2.442210, 2.729870, 3.443380, 5.039420, 8.093100, 12.017700, 15.507100, 17.686400, 18.028000, 16.842100, 14.832600, 12.586000, 10.449700, 8.581210, 7.021620, 5.751910, 4.729790, 3.909580, 3.250970, 2.957570, 3.462360],
				[1.250000, 4.292440, 5.855000, 8.266630, 11.493800, 17.557100, 26.006800, 33.411500, 37.915500, 38.505200, 35.913100, 31.623300, 26.849500, 22.312200, 18.339900, 15.020000, 12.313700, 10.134400, 8.386000, 6.979920, 6.352590, 7.121080],
				[1.750000, 9.028860, 12.202700, 16.138800, 20.783700, 30.738200, 45.417700, 58.101200, 65.619700, 66.410500, 61.842500, 54.448100, 46.257700, 38.473700, 31.650100, 25.941200, 21.286400, 17.534000, 14.521600, 12.098000, 11.015500, 11.817400],
				[2.250000, 16.844900, 21.487100, 26.835500, 32.887200, 47.596400, 70.153500, 89.381300, 100.501000, 101.390000, 94.280400, 82.998700, 70.551800, 58.723600, 48.350400, 39.660100, 32.568900, 26.850300, 22.254800, 18.556400, 16.903800, 17.694100],
				[2.750000, 27.536200, 33.585300, 40.335100, 47.783000, 68.092700, 100.119000, 127.069000, 142.291000, 143.136000, 132.930000, 117.010000, 99.513900, 82.890200, 68.301100, 56.068700, 46.076200, 38.015500, 31.531400, 26.312200, 23.981700, 24.751900],
				[3.250000, 41.030500, 48.475800, 56.616400, 65.449900, 92.188800, 135.227000, 170.996000, 190.751000, 191.378000, 177.523000, 156.253000, 132.959000, 110.824000, 91.383300, 75.072800, 61.738100, 50.974800, 42.309500, 35.329300, 32.212300, 32.967500],
				[3.750000, 57.306600, 66.137400, 75.658300, 85.866700, 119.847000, 175.392000, 221.008000, 245.665000, 245.877000, 227.828000, 200.524000, 170.718000, 142.399000, 117.508000, 96.596800, 79.493700, 65.680600, 54.554400, 45.583600, 41.574700, 42.316800],
				[4.250000, 76.343200, 86.549000, 97.439700, 109.013000, 151.029000, 220.524000, 276.952000, 280.000000, 280.000000, 280.000000, 249.657000, 212.645000, 177.492000, 146.572000, 120.574000, 99.284400, 82.085100, 68.231800, 57.050900, 52.052800, 52.776900],
				[4.750000, 98.119400, 109.690000, 121.940000, 134.867000, 185.699000, 270.548000, 280.000000, 280.000000, 280.000000, 280.000000, 280.000000, 258.624000, 216.007000, 178.501000, 146.947000, 121.073000, 100.154000, 83.301500, 69.695100, 63.611100, 64.328800],
				[5.250000, 122.615000, 135.539000, 149.139000, 163.410000, 223.821000, 280.000000, 280.000000, 280.000000, 280.000000, 280.000000, 280.000000, 280.000000, 257.876000, 213.235000, 175.655000, 144.828000, 119.871000, 99.754000, 83.510400, 76.245200, 76.957800],
				[5.750000, 149.808000, 164.077000, 179.015000, 194.621000, 265.360000, 280.000000, 280.000000, 280.000000, 280.000000, 280.000000, 280.000000, 280.000000, 280.000000, 250.721000, 206.654000, 170.498000, 141.211000, 117.583000, 98.493800, 89.953700, 90.650200],
				[6.250000, 179.680000, 195.283000, 211.550000, 228.480000, 280.000000, 280.000000, 280.000000, 280.000000, 280.000000, 280.000000, 280.000000, 280.000000, 280.000000, 280.000000, 239.931000, 198.058000, 164.128000, 136.741000, 114.605000, 104.700000, 105.394000],
				[6.750000, 212.210000, 229.137000, 246.724000, 264.967000, 280.000000, 280.000000, 280.000000, 280.000000, 280.000000, 280.000000, 280.000000, 280.000000, 280.000000, 280.000000, 275.433000, 227.504000, 188.624000, 157.233000, 131.852000, 120.491000, 121.178000],
				[7.250000, 240.000000, 256.000000, 264.000000, 280.000000, 280.000000, 280.000000, 280.000000, 280.000000, 280.000000, 280.000000, 280.000000, 280.000000, 280.000000, 280.000000, 280.000000, 258.787000, 214.677000, 179.045000, 150.221000, 137.316000, 137.987000],
				[7.750000, 248.000000, 260.000000, 280.000000, 280.000000, 280.000000, 280.000000, 280.000000, 280.000000, 280.000000, 280.000000, 280.000000, 280.000000, 280.000000, 280.000000, 280.000000, 280.000000, 242.283000, 202.173000, 169.712000, 155.175000, 155.775000],
				[8.250000, 256.000000, 280.000000, 280.000000, 280.000000, 280.000000, 300.000000, 320.000000, 328.000000, 328.000000, 280.000000, 280.000000, 280.000000, 280.000000, 280.000000, 280.000000, 280.000000, 271.425000, 226.605000, 190.316000, 174.062000, 174.332000],
				[8.750000, 280.000000, 280.000000, 280.000000, 280.000000, 280.000000, 280.000000, 280.000000, 280.000000, 280.000000, 280.000000, 280.000000, 280.000000, 280.000000, 280.000000, 280.000000, 280.000000, 280.000000, 252.324000, 212.004000, 193.949000, 192.698000],
				[9.250000, 280.000000, 280.000000, 280.000000, 280.000000, 280.000000, 280.000000, 280.000000, 280.000000, 280.000000, 280.000000, 280.000000, 280.000000, 280.000000, 280.000000, 280.000000, 280.000000, 280.000000, 279.356000, 256.000000, 232.000000, 208.000000],
				[9.750000, 280.000000, 280.000000, 280.000000, 280.000000, 280.000000, 280.000000, 280.000000, 280.000000, 280.000000, 280.000000, 280.000000, 280.000000, 280.000000, 280.000000, 280.000000, 280.000000, 280.000000, 280.000000, 264.000000, 240.000000, 224.000000]
			],