{
	"defaults": {
		"SolarResource": {
			"albedo": [0.200000, 0.200000, 0.200000, 0.200000, 0.200000, 0.200000, 0.200000, 0.200000, 0.200000, 0.200000, 0.200000, 0.200000],
			"use_wf_albedo": 1
		},
		"Lifetime": {
			"analysis_period": 25,
			"dc_degradation": [0.500000],
			"system_use_lifetime_output": 1
		},
		"SystemDesign": {
			"array_type": 1,
			"azimuth": 180,
			"batt_simple_enable": 0,
			"bifaciality": 0,
			"dc_ac_ratio": 1.15,
			"en_snowloss": 0,
			"gcr": 0.3,
			"inv_eff": 96,
			"losses": 14.0757,
			"module_type": 0,
			"soiling": [0.000000, 0.000000, 0.000000, 0.000000, 0.000000, 0.000000, 0.000000, 0.000000, 0.000000, 0.000000, 0.000000, 0.000000],
			"system_capacity": 215,
			"tilt": 20
		},
		"AdjustmentFactors": {
			"constant": 0
		}
	}
}