{
	"defaults": {
		"SolarResource": {
			"albedo": [0.200000, 0.200000, 0.200000, 0.200000, 0.200000, 0.200000, 0.200000, 0.200000, 0.200000, 0.200000, 0.200000, 0.200000],
			"use_wf_albedo": 1
		},
		"Lifetime": {
			"analysis_period": 25,
			"system_use_lifetime_output": 0
		},
		"SystemDesign": {
			"array_type": 1,
			"azimuth": 180,
			"batt_simple_enable": 0,
			"bifaciality": 0,
			"dc_ac_ratio": 1.15,
			"en_snowloss": 0,
			"gcr": 0.3,
			"inv_eff": 96,
			"losses": 14.0757,
			"module_type": 0,
			"soiling": [0.000000, 0.000000, 0.000000, 0.000000, 0.000000, 0.000000, 0.000000, 0.000000, 0.000000, 0.000000, 0.000000, 0.000000],
			"system_capacity": 6.4,
			"tilt": 20
		},
		"Shading": {
			"shading_azal": [
				[0.000000]
			],
			"shading_diff": 0,
			"shading_en_azal": 0,
			"shading_en_diff": 0,
			"shading_en_mxh": 0,
			"shading_en_string_option": 0,
			"shading_en_timestep": 0,
			"shading_mxh": [
				[0.000000]
			],
			"shading_string_option": 0,
			"shading_timestep": [
				[0.000000]
			]
		},
		"AdjustmentFactors": {
			"constant": 0,
			"en_periods": 0,
			"en_timeindex": 0,
			"periods": [
				[0.000000, 0.000000, 0.000000]
			],
			"timeindex": [0.000000]
		}
	}
}