{
	"defaults": {
		"Weather": {
			"azimuth": 0,
			"tilt": 0,
			"track_mode": 1
		},
		"GenericSolar": {
			"system_capacity": 103500
		},
		"TouTranslator": {
			"weekday_schedule": [
				[6.000000, 6.000000, 6.000000, 6.000000, 6.000000, 6.000000, 5.000000, 5.000000, 4.000000, 4.000000, 4.000000, 4.000000, 4.000000, 4.000000, 4.000000, 4.000000, 4.000000, 4.000000, 4.000000, 4.000000, 4.000000, 5.000000, 5.000000, 5.000000],
				[6.000000, 6.000000, 6.000000, 6.000000, 6.000000, 6.000000, 5.000000, 5.000000, 4.000000, 4.000000, 4.000000, 4.000000, 4.000000, 4.000000, 4.000000, 4.000000, 4.000000, 4.000000, 4.000000, 4.000000, 4.000000, 5.000000, 5.000000, 5.000000],
				[6.000000, 6.000000, 6.000000, 6.000000, 6.000000, 6.000000, 5.000000, 5.000000, 4.000000, 4.000000, 4.000000, 4.000000, 4.000000, 4.000000, 4.000000, 4.000000, 4.000000, 4.000000, 4.000000, 4.000000, 4.000000, 5.000000, 5.000000, 5.000000],
				[6.000000, 6.000000, 6.000000, 6.000000, 6.000000, 6.000000, 5.000000, 5.000000, 4.000000, 4.000000, 4.000000, 4.000000, 4.000000, 4.000000, 4.000000, 4.000000, 4.000000, 4.000000, 4.000000, 4.000000, 4.000000, 5.000000, 5.000000, 5.000000],
				[6.000000, 6.000000, 6.000000, 6.000000, 6.000000, 6.000000, 5.000000, 5.000000, 4.000000, 4.000000, 4.000000, 4.000000, 4.000000, 4.000000, 4.000000, 4.000000, 4.000000, 4.000000, 4.000000, 4.000000, 4.000000, 5.000000, 5.000000, 5.000000],
				[3.000000, 3.000000, 3.000000, 3.000000, 3.000000, 3.000000, 3.000000, 3.000000, 2.000000, 2.000000, 2.000000, 2.000000, 1.000000, 1.000000, 1.000000, 1.000000, 1.000000, 1.000000, 2.000000, 2.000000, 2.000000, 3.000000, 3.000000, 3.000000],
				[3.000000, 3.000000, 3.000000, 3.000000, 3.000000, 3.000000, 3.000000, 3.000000, 2.000000, 2.000000, 2.000000, 2.000000, 1.000000, 1.000000, 1.000000, 1.000000, 1.000000, 1.000000, 2.000000, 2.000000, 2.000000, 3.000000, 3.000000, 3.000000],
				[3.000000, 3.000000, 3.000000, 3.000000, 3.000000, 3.000000, 3.000000, 3.000000, 2.000000, 2.000000, 2.000000, 2.000000, 1.000000, 1.000000, 1.000000, 1.000000, 1.000000, 1.000000, 2.000000, 2.000000, 2.000000, 3.000000, 3.000000, 3.000000],
				[3.000000, 3.000000, 3.000000, 3.000000, 3.000000, 3.000000, 3.000000, 3.000000, 2.000000, 2.000000, 2.000000, 2.000000, 1.000000, 1.000000, 1.000000, 1.000000, 1.000000, 1.000000, 2.000000, 2.000000, 2.000000, 3.000000, 3.000000, 3.000000],
				[6.000000, 6.000000, 6.000000, 6.000000, 6.000000, 6.000000, 5.000000, 5.000000, 4.000000, 4.000000, 4.000000, 4.000000, 4.000000, 4.000000, 4.000000, 4.000000, 4.000000, 4.000000, 4.000000, 4.000000, 4.000000, 5.000000, 5.000000, 5.000000],
				[6.000000, 6.000000, 6.000000, 6.000000, 6.000000, 6.000000, 5.000000, 5.000000, 4.000000, 4.000000, 4.000000, 4.000000, 4.000000, 4.000000, 4.000000, 4.000000, 4.000000, 4.000000, 4.000000, 4.000000, 4.000000, 5.000000, 5.000000, 5.000000],
				[6.000000, 6.000000, 6.000000, 6.000000, 6.000000, 6.000000, 5.000000, 5.000000, 4.000000, 4.000000, 4.000000, 4.000000, 4.000000, 4.000000, 4.000000, 4.000000, 4.000000, 4.000000, 4.000000, 4.000000, 4.000000, 5.000000, 5.000000, 5.000000]
			],
			"weekend_schedule": [
				[6.000000, 6.000000, 6.000000, 6.000000, 6.000000, 6.000000, 5.000000, 5.000000, 5.000000, 5.000000, 5.000000, 5.000000, 5.000000, 5.000000, 5.000000, 5.000000, 5.000000, 5.000000, 5.000000, 5.000000, 5.000000, 5.000000, 5.000000, 5.000000],
				[6.000000, 6.000000, 6.000000, 6.000000, 6.000000, 6.000000, 5.000000, 5.000000, 5.000000, 5.000000, 5.000000, 5.000000, 5.000000, 5.000000, 5.000000, 5.000000, 5.000000, 5.000000, 5.000000, 5.000000, 5.000000, 5.000000, 5.000000, 5.000000],
				[6.000000, 6.000000, 6.000000, 6.000000, 6.000000, 6.000000, 5.000000, 5.000000, 5.000000, 5.000000, 5.000000, 5.000000, 5.000000, 5.000000, 5.000000, 5.000000, 5.000000, 5.000000, 5.000000, 5.000000, 5.000000, 5.000000, 5.000000, 5.000000],
				[6.000000, 6.000000, 6.000000, 6.000000, 6.000000, 6.000000, 5.000000, 5.000000, 5.000000, 5.000000, 5.000000, 5.000000, 5.000000, 5.000000, 5.000000, 5.000000, 5.000000, 5.000000, 5.000000, 5.000000, 5.000000, 5.000000, 5.000000, 5.000000],
				[6.000000, 6.000000, 6.000000, 6.000000, 6.000000, 6.000000, 5.000000, 5.000000, 5.000000, 5.000000, 5.000000, 5.000000, 5.000000, 5.000000, 5.000000, 5.000000, 5.000000, 5.000000, 5.000000, 5.000000, 5.000000, 5.000000, 5.000000, 5.000000],
				[3.000000, 3.000000, 3.000000, 3.000000, 3.000000, 3.000000, 3.000000, 3.000000, 3.000000, 3.000000, 3.000000, 3.000000, 3.000000, 3.000000, 3.000000, 3.000000, 3.000000, 3.000000, 3.000000, 3.000000, 3.000000, 3.000000, 3.000000, 3.000000],
				[3.000000, 3.000000, 3.000000, 3.000000, 3.000000, 3.000000, 3.000000, 3.000000, 3.000000, 3.000000, 3.000000, 3.000000, 3.000000, 3.000000, 3.000000, 3.000000, 3.000000, 3.000000, 3.000000, 3.000000, 3.000000, 3.000000, 3.000000, 3.000000],
				[3.000000, 3.000000, 3.000000, 3.000000, 3.000000, 3.000000, 3.000000, 3.000000, 3.000000, 3.000000, 3.000000, 3.000000, 3.000000, 3.000000, 3.000000, 3.000000, 3.000000, 3.000000, 3.000000, 3.000000, 3.000000, 3.000000, 3.000000, 3.000000],
				[3.000000, 3.000000, 3.000000, 3.000000, 3.000000, 3.000000, 3.000000, 3.000000, 3.000000, 3.000000, 3.000000, 3.000000, 3.000000, 3.000000, 3.000000, 3.000000, 3.000000, 3.000000, 3.000000, 3.000000, 3.000000, 3.000000, 3.000000, 3.000000],
				[6.000000, 6.000000, 6.000000, 6.000000, 6.000000, 6.000000, 5.000000, 5.000000, 5.000000, 5.000000, 5.000000, 5.000000, 5.000000, 5.000000, 5.000000, 5.000000, 5.000000, 5.000000, 5.000000, 5.000000, 5.000000, 5.000000, 5.000000, 5.000000],
				[6.000000, 6.000000, 6.000000, 6.000000, 6.000000, 6.000000, 5.000000, 5.000000, 5.000000, 5.000000, 5.000000, 5.000000, 5.000000, 5.000000, 5.000000, 5.000000, 5.000000, 5.000000, 5.000000, 5.000000, 5.000000, 5.000000, 5.000000, 5.000000],
				[6.000000, 6.000000, 6.000000, 6.000000, 6.000000, 6.000000, 5.000000, 5.000000, 5.000000, 5.000000, 5.000000, 5.000000, 5.000000, 5.000000, 5.000000, 5.000000, 5.000000, 5.000000, 5.000000, 5.000000, 5.000000, 5.000000, 5.000000, 5.000000]
			]
		},
		"Type260": {
			"OpticalTable": [
				[-109.575000, 76.849200, 0.665000],
				[-94.608500, 52.854500, 0.928000],
				[-74.421200, 28.439100, 0.978000],
				[0.000005, 11.429400, 1.000000],
				[74.415000, 28.434300, 0.978000],
				[94.604800, 52.849200, 0.928000],
				[109.571000, 76.844700, 0.665000],
				[-103.827000, 80.555900, 0.531000],
				[-87.349100, 56.156900, 0.915000],
				[-63.460600, 32.379700, 0.972000],
				[0.000005, 18.243200, 0.992000],
				[63.393000, 32.407000, 0.972000],
				[87.252400, 56.203400, 0.915000],
				[103.709000, 80.630700, 0.527000],
				[-81.110900, 59.578500, 0.898000],
				[-55.383700, 36.711900, 0.966000],
				[0.000005, 24.546000, 0.984000],
				[55.314600, 36.753400, 0.966000],
				[80.998900, 59.642500, 0.898000],
				[-75.021300, 63.472500, 0.869000],
				[-48.561700, 41.741300, 0.957000],
				[0.000005, 31.169100, 0.974000],
				[48.493700, 41.787500, 0.957000],
				[74.903500, 63.544100, 0.869000],
				[-69.684400, 67.336700, 0.830000],
				[-43.314600, 46.751800, 0.946000],
				[-0.034269, 37.371700, 0.965000],
				[43.257700, 46.802600, 0.946000],
				[69.573200, 67.415000, 0.830000],
				[-64.141200, 71.784200, 0.771000],
				[-38.462900, 52.504200, 0.930000],
				[-0.027972, 44.204500, 0.952000],
				[38.420400, 52.555500, 0.930000],
				[64.044800, 71.863500, 0.770000],
				[-58.966100, 76.303700, 0.680000],
				[-34.384700, 58.323200, 0.905000],
				[0.000005, 50.915500, 0.935000],
				[34.349700, 58.362700, 0.905000],
				[58.885800, 76.367300, 0.678000],
				[-53.459000, 81.416700, 0.487000],
				[-30.435700, 64.872900, 0.857000],
				[0.000005, 58.303300, 0.906000],
				[30.431700, 64.871700, 0.858000],
				[53.455600, 81.414800, 0.487000]
			],
			"PC_T_corr": 2,
			"T_pcdes": 42,
			"T_sfdes": 25,
			"Wpar_prodD_coefs": [0.000000, -0.086635, 0.584528, 0.000000],