{
	"defaults": {
		"Weather": {
			"azimuth": 0,
			"tilt": 0,
			"track_mode": 1
		},
		"LinearFresnelr": {
			"system_capacity": 100580
		},
		"TouTranslator": {
			"weekday_schedule": [
				[6.000000, 6.000000, 6.000000, 6.000000, 6.000000, 6.000000, 5.000000, 5.000000, 4.000000, 4.000000, 4.000000, 4.000000, 4.000000, 4.000000, 4.000000, 4.000000, 4.000000, 4.000000, 4.000000, 4.000000, 4.000000, 5.000000, 5.000000, 5.000000],
				[6.000000, 6.000000, 6.000000, 6.000000, 6.000000, 6.000000, 5.000000, 5.000000, 4.000000, 4.000000, 4.000000, 4.000000, 4.000000, 4.000000, 4.000000, 4.000000, 4.000000, 4.000000, 4.000000, 4.000000, 4.000000, 5.000000, 5.000000, 5.000000],
				[6.000000, 6.000000, 6.000000, 6.000000, 6.000000, 6.000000, 5.000000, 5.000000, 4.000000, 4.000000, 4.000000, 4.000000, 4.000000, 4.000000, 4.000000, 4.000000, 4.000000, 4.000000, 4.000000, 4.000000, 4.000000, 5.000000, 5.000000, 5.000000],
				[6.000000, 6.000000, 6.000000, 6.000000, 6.000000, 6.000000, 5.000000, 5.000000, 4.000000, 4.000000, 4.000000, 4.000000, 4.000000, 4.000000, 4.000000, 4.000000, 4.000000, 4.000000, 4.000000, 4.000000, 4.000000, 5.000000, 5.000000, 5.000000],
				[6.000000, 6.000000, 6.000000, 6.000000, 6.000000, 6.000000, 5.000000, 5.000000, 4.000000, 4.000000, 4.000000, 4.000000, 4.000000, 4.000000, 4.000000, 4.000000, 4.000000, 4.000000, 4.000000, 4.000000, 4.000000, 5.000000, 5.000000, 5.000000],
				[3.000000, 3.000000, 3.000000, 3.000000, 3.000000, 3.000000, 3.000000, 3.000000, 2.000000, 2.000000, 2.000000, 2.000000, 1.000000, 1.000000, 1.000000, 1.000000, 1.000000, 1.000000, 2.000000, 2.000000, 2.000000, 3.000000, 3.000000, 3.000000],
				[3.000000, 3.000000, 3.000000, 3.000000, 3.000000, 3.000000, 3.000000, 3.000000, 2.000000, 2.000000, 2.000000, 2.000000, 1.000000, 1.000000, 1.000000, 1.000000, 1.000000, 1.000000, 2.000000, 2.000000, 2.000000, 3.000000, 3.000000, 3.000000],
				[3.000000, 3.000000, 3.000000, 3.000000, 3.000000, 3.000000, 3.000000, 3.000000, 2.000000, 2.000000, 2.000000, 2.000000, 1.000000, 1.000000, 1.000000, 1.000000, 1.000000, 1.000000, 2.000000, 2.000000, 2.000000, 3.000000, 3.000000, 3.000000],
				[3.000000, 3.000000, 3.000000, 3.000000, 3.000000, 3.000000, 3.000000, 3.000000, 2.000000, 2.000000, 2.000000, 2.000000, 1.000000, 1.000000, 1.000000, 1.000000, 1.000000, 1.000000, 2.000000, 2.000000, 2.000000, 3.000000, 3.000000, 3.000000],
				[6.000000, 6.000000, 6.000000, 6.000000, 6.000000, 6.000000, 5.000000, 5.000000, 4.000000, 4.000000, 4.000000, 4.000000, 4.000000, 4.000000, 4.000000, 4.000000, 4.000000, 4.000000, 4.000000, 4.000000, 4.000000, 5.000000, 5.000000, 5.000000],
				[6.000000, 6.000000, 6.000000, 6.000000, 6.000000, 6.000000, 5.000000, 5.000000, 4.000000, 4.000000, 4.000000, 4.000000, 4.000000, 4.000000, 4.000000, 4.000000, 4.000000, 4.000000, 4.000000, 4.000000, 4.000000, 5.000000, 5.000000, 5.000000],
				[6.000000, 6.000000, 6.000000, 6.000000, 6.000000, 6.000000, 5.000000, 5.000000, 4.000000, 4.000000, 4.000000, 4.000000, 4.000000, 4.000000, 4.000000, 4.000000, 4.000000, 4.000000, 4.000000, 4.000000, 4.000000, 5.000000, 5.000000, 5.000000]
			],
			"weekend_schedule": [
				[6.000000, 6.000000, 6.000000, 6.000000, 6.000000, 6.000000, 5.000000, 5.000000, 5.000000, 5.000000, 5.000000, 5.000000, 5.000000, 5.000000, 5.000000, 5.000000, 5.000000, 5.000000, 5.000000, 5.000000, 5.000000, 5.000000, 5.000000, 5.000000],
				[6.000000, 6.000000, 6.000000, 6.000000, 6.000000, 6.000000, 5.000000, 5.000000, 5.000000, 5.000000, 5.000000, 5.000000, 5.000000, 5.000000, 5.000000, 5.000000, 5.000000, 5.000000, 5.000000, 5.000000, 5.000000, 5.000000, 5.000000, 5.000000],
				[6.000000, 6.000000, 6.000000, 6.000000, 6.000000, 6.000000, 5.000000, 5.000000, 5.000000, 5.000000, 5.000000, 5.000000, 5.000000, 5.000000, 5.000000, 5.000000, 5.000000, 5.000000, 5.000000, 5.000000, 5.000000, 5.000000, 5.000000, 5.000000],
				[6.000000, 6.000000, 6.000000, 6.000000, 6.000000, 6.000000, 5.000000, 5.000000, 5.000000, 5.000000, 5.000000, 5.000000, 5.000000, 5.000000, 5.000000, 5.000000, 5.000000, 5.000000, 5.000000, 5.000000, 5.000000, 5.000000, 5.000000, 5.000000],
				[6.000000, 6.000000, 6.000000, 6.000000, 6.000000, 6.000000, 5.000000, 5.000000, 5.000000, 5.000000, 5.000000, 5.000000, 5.000000, 5.000000, 5.000000, 5.000000, 5.000000, 5.000000, 5.000000, 5.000000, 5.000000, 5.000000, 5.000000, 5.000000],
				[3.000000, 3.000000, 3.000000, 3.000000, 3.000000, 3.000000, 3.000000, 3.000000, 3.000000, 3.000000, 3.000000, 3.000000, 3.000000, 3.000000, 3.000000, 3.000000, 3.000000, 3.000000, 3.000000, 3.000000, 3.000000, 3.000000, 3.000000, 3.000000],
				[3.000000, 3.000000, 3.000000, 3.000000, 3.000000, 3.000000, 3.000000, 3.000000, 3.000000, 3.000000, 3.000000, 3.000000, 3.000000, 3.000000, 3.000000, 3.000000, 3.000000, 3.000000, 3.000000, 3.000000, 3.000000, 3.000000, 3.000000, 3.000000],
				[3.000000, 3.000000, 3.000000, 3.000000, 3.000000, 3.000000, 3.000000, 3.000000, 3.000000, 3.000000, 3.000000, 3.000000, 3.000000, 3.000000, 3.000000, 3.000000, 3.000000, 3.000000, 3.000000, 3.000000, 3.000000, 3.000000, 3.000000, 3.000000],
				[3.000000, 3.000000, 3.000000, 3.000000, 3.000000, 3.000000, 3.000000, 3.000000, 3.000000, 3.000000, 3.000000, 3.000000, 3.000000, 3.000000, 3.000000, 3.000000, 3.000000, 3.000000, 3.000000, 3.000000, 3.000000, 3.000000, 3.000000, 3.000000],
				[6.000000, 6.000000, 6.000000, 6.000000, 6.000000, 6.000000, 5.000000, 5.000000, 5.000000, 5.000000, 5.000000, 5.000000, 5.000000, 5.000000, 5.000000, 5.000000, 5.000000, 5.000000, 5.000000, 5.000000, 5.000000, 5.000000, 5.000000, 5.000000],
				[6.000000, 6.000000, 6.000000, 6.000000, 6.000000, 6.000000, 5.000000, 5.000000, 5.000000, 5.000000, 5.000000, 5.000000, 5.000000, 5.000000, 5.000000, 5.000000, 5.000000, 5.000000, 5.000000, 5.000000, 5.000000, 5.000000, 5.000000, 5.000000],
				[6.000000, 6.000000, 6.000000, 6.000000, 6.000000, 6.000000, 5.000000, 5.000000, 5.000000, 5.000000, 5.000000, 5.000000, 5.000000, 5.000000, 5.000000, 5.000000, 5.000000, 5.000000, 5.000000, 5.000000, 5.000000, 5.000000, 5.000000, 5.000000]
			]
		},
		"Solarfield": {
			"A_aperture": [
				[513.600000],
				[513.600000]
			],
			"AbsorberMaterial": [
				[1.000000],
				[1.000000]
			],
			"AnnulusGas": [
				[27.000000, 1.000000, 1.000000, 1.000000],
				[27.000000, 1.000000, 1.000000, 1.000000]
			],
			"ColAz": 0,
			"D_2": [
				[0.066000],
				[0.066000]
			],
			"D_3": [
				[0.070000],
				[0.070000]
			],
			"D_4": [
				[0.115000],
				[0.115000]
			],
			"D_5": [
				[0.120000],
				[0.120000]
			],
			"D_p": [
				[0.000000],
				[0.000000]
			],
			"Design_loss": [
				[150.000000, 1100.000000, 1500.000000, 0.000000],
				[150.000000, 1100.000000, 1500.000000, 0.000000]
			],
			"Dirt_HCE": [
				[0.980000, 0.980000, 1.000000, 0.000000],
				[0.980000, 0.980000, 1.000000, 0.000000]
			],
			"EPSILON_4": [
				[0.860000, 0.860000, 1.000000, 0.000000],
				[0.860000, 0.860000, 1.000000, 0.000000]
			],
			"Flow_type": [
				[1.000000],
				[1.000000]
			],
			"GeomEffects": [
				[0.724000],
				[0.724000]
			],
			"GlazingIntactIn": [
				[1.000000, 1.000000, 0.000000, 1.000000],
				[1.000000, 1.000000, 0.000000, 1.000000]
			],
			"HCE_FieldFrac": [
				[0.985000, 0.010000, 0.005000, 0.000000],
				[0.985000, 0.010000, 0.005000, 0.000000]
			],
			"HLCharType": [
				[1.000000],
				[1.000000]
			],
			"HL_W": [
				[1.000000, 0.000000, 0.000000, 0.000000, 0.000000],
				[1.000000, 0.000000, 0.000000, 0.000000, 0.000000]
			],
			"HL_dT": [
				[0.000000, 0.672000, 0.002556, 0.000000, 0.000000],
				[0.000000, 0.672000, 0.002556, 0.000000, 0.000000]
			],
			"IAM_L": [
				[1.003100, -0.225900, 0.536800, -1.643400, 0.722200],
				[1.003100, -0.225900, 0.536800, -1.643400, 0.722200]
			],
			"IAM_T": [
				[0.989600, 0.044000, -0.072100, -0.232700, 0.000000],
				[0.989600, 0.044000, -0.072100, -0.232700, 0.000000]
			],
			"I_bn": 0,
			"I_bn_des": 950,