{
	"defaults": {
		"Weather": {
			"azimuth": 0,
			"tilt": 0,
			"track_mode": 1
		},
		"Trough": {
			"system_capacity": 99900
		},
		"TouTranslator": {
			"weekday_schedule": [
				[6.000000, 6.000000, 6.000000, 6.000000, 6.000000, 6.000000, 5.000000, 5.000000, 4.000000, 4.000000, 4.000000, 4.000000, 4.000000, 4.000000, 4.000000, 4.000000, 4.000000, 4.000000, 4.000000, 4.000000, 4.000000, 5.000000, 5.000000, 5.000000],
				[6.000000, 6.000000, 6.000000, 6.000000, 6.000000, 6.000000, 5.000000, 5.000000, 4.000000, 4.000000, 4.000000, 4.000000, 4.000000, 4.000000, 4.000000, 4.000000, 4.000000, 4.000000, 4.000000, 4.000000, 4.000000, 5.000000, 5.000000, 5.000000],
				[6.000000, 6.000000, 6.000000, 6.000000, 6.000000, 6.000000, 5.000000, 5.000000, 4.000000, 4.000000, 4.000000, 4.000000, 4.000000, 4.000000, 4.000000, 4.000000, 4.000000, 4.000000, 4.000000, 4.000000, 4.000000, 5.000000, 5.000000, 5.000000],
				[6.000000, 6.000000, 6.000000, 6.000000, 6.000000, 6.000000, 5.000000, 5.000000, 4.000000, 4.000000, 4.000000, 4.000000, 4.000000, 4.000000, 4.000000, 4.000000, 4.000000, 4.000000, 4.000000, 4.000000, 4.000000, 5.000000, 5.000000, 5.000000],
				[6.000000, 6.000000, 6.000000, 6.000000, 6.000000, 6.000000, 5.000000, 5.000000, 4.000000, 4.000000, 4.000000, 4.000000, 4.000000, 4.000000, 4.000000, 4.000000, 4.000000, 4.000000, 4.000000, 4.000000, 4.000000, 5.000000, 5.000000, 5.000000],
				[3.000000, 3.000000, 3.000000, 3.000000, 3.000000, 3.000000, 3.000000, 3.000000, 2.000000, 2.000000, 2.000000, 2.000000, 1.000000, 1.000000, 1.000000, 1.000000, 1.000000, 1.000000, 2.000000, 2.000000, 2.000000, 3.000000, 3.000000, 3.000000],
				[3.000000, 3.000000, 3.000000, 3.000000, 3.000000, 3.000000, 3.000000, 3.000000, 2.000000, 2.000000, 2.000000, 2.000000, 1.000000, 1.000000, 1.000000, 1.000000, 1.000000, 1.000000, 2.000000, 2.000000, 2.000000, 3.000000, 3.000000, 3.000000],
				[3.000000, 3.000000, 3.000000, 3.000000, 3.000000, 3.000000, 3.000000, 3.000000, 2.000000, 2.000000, 2.000000, 2.000000, 1.000000, 1.000000, 1.000000, 1.000000, 1.000000, 1.000000, 2.000000, 2.000000, 2.000000, 3.000000, 3.000000, 3.000000],
				[3.000000, 3.000000, 3.000000, 3.000000, 3.000000, 3.000000, 3.000000, 3.000000, 2.000000, 2.000000, 2.000000, 2.000000, 1.000000, 1.000000, 1.000000, 1.000000, 1.000000, 1.000000, 2.000000, 2.000000, 2.000000, 3.000000, 3.000000, 3.000000],
				[6.000000, 6.000000, 6.000000, 6.000000, 6.000000, 6.000000, 5.000000, 5.000000, 4.000000, 4.000000, 4.000000, 4.000000, 4.000000, 4.000000, 4.000000, 4.000000, 4.000000, 4.000000, 4.000000, 4.000000, 4.000000, 5.000000, 5.000000, 5.000000],
				[6.000000, 6.000000, 6.000000, 6.000000, 6.000000, 6.000000, 5.000000, 5.000000, 4.000000, 4.000000, 4.000000, 4.000000, 4.000000, 4.000000, 4.000000, 4.000000, 4.000000, 4.000000, 4.000000, 4.000000, 4.000000, 5.000000, 5.000000, 5.000000],
				[6.000000, 6.000000, 6.000000, 6.000000, 6.000000, 6.000000, 5.000000, 5.000000, 4.000000, 4.000000, 4.000000, 4.000000, 4.000000, 4.000000, 4.000000, 4.000000, 4.000000, 4.000000, 4.000000, 4.000000, 4.000000, 5.000000, 5.000000, 5.000000]
			],
			"weekend_schedule": [
				[6.000000, 6.000000, 6.000000, 6.000000, 6.000000, 6.000000, 5.000000, 5.000000, 5.000000, 5.000000, 5.000000, 5.000000, 5.000000, 5.000000, 5.000000, 5.000000, 5.000000, 5.000000, 5.000000, 5.000000, 5.000000, 5.000000, 5.000000, 5.000000],
				[6.000000, 6.000000, 6.000000, 6.000000, 6.000000, 6.000000, 5.000000, 5.000000, 5.000000, 5.000000, 5.000000, 5.000000, 5.000000, 5.000000, 5.000000, 5.000000, 5.000000, 5.000000, 5.000000, 5.000000, 5.000000, 5.000000, 5.000000, 5.000000],
				[6.000000, 6.000000, 6.000000, 6.000000, 6.000000, 6.000000, 5.000000, 5.000000, 5.000000, 5.000000, 5.000000, 5.000000, 5.000000, 5.000000, 5.000000, 5.000000, 5.000000, 5.000000, 5.000000, 5.000000, 5.000000, 5.000000, 5.000000, 5.000000],
				[6.000000, 6.000000, 6.000000, 6.000000, 6.000000, 6.000000, 5.000000, 5.000000, 5.000000, 5.000000, 5.000000, 5.000000, 5.000000, 5.000000, 5.000000, 5.000000, 5.000000, 5.000000, 5.000000, 5.000000, 5.000000, 5.000000, 5.000000, 5.000000],
				[6.000000, 6.000000, 6.000000, 6.000000, 6.000000, 6.000000, 5.000000, 5.000000, 5.000000, 5.000000, 5.000000, 5.000000, 5.000000, 5.000000, 5.000000, 5.000000, 5.000000, 5.000000, 5.000000, 5.000000, 5.000000, 5.000000, 5.000000, 5.000000],
				[3.000000, 3.000000, 3.000000, 3.000000, 3.000000, 3.000000, 3.000000, 3.000000, 3.000000, 3.000000, 3.000000, 3.000000, 3.000000, 3.000000, 3.000000, 3.000000, 3.000000, 3.000000, 3.000000, 3.000000, 3.000000, 3.000000, 3.000000, 3.000000],
				[3.000000, 3.000000, 3.000000, 3.000000, 3.000000, 3.000000, 3.000000, 3.000000, 3.000000, 3.000000, 3.000000, 3.000000, 3.000000, 3.000000, 3.000000, 3.000000, 3.000000, 3.000000, 3.000000, 3.000000, 3.000000, 3.000000, 3.000000, 3.000000],
				[3.000000, 3.000000, 3.000000, 3.000000, 3.000000, 3.000000, 3.000000, 3.000000, 3.000000, 3.000000, 3.000000, 3.000000, 3.000000, 3.000000, 3.000000, 3.000000, 3.000000, 3.000000, 3.000000, 3.000000, 3.000000, 3.000000, 3.000000, 3.000000],
				[3.000000, 3.000000, 3.000000, 3.000000, 3.000000, 3.000000, 3.000000, 3.000000, 3.000000, 3.000000, 3.000000, 3.000000, 3.000000, 3.000000, 3.000000, 3.000000, 3.000000, 3.000000, 3.000000, 3.000000, 3.000000, 3.000000, 3.000000, 3.000000],
				[6.000000, 6.000000, 6.000000, 6.000000, 6.000000, 6.000000, 5.000000, 5.000000, 5.000000, 5.000000, 5.000000, 5.000000, 5.000000, 5.000000, 5.000000, 5.000000, 5.000000, 5.000000, 5.000000, 5.000000, 5.000000, 5.000000, 5.000000, 5.000000],
				[6.000000, 6.000000, 6.000000, 6.000000, 6.000000, 6.000000, 5.000000, 5.000000, 5.000000, 5.000000, 5.000000, 5.000000, 5.000000, 5.000000, 5.000000, 5.000000, 5.000000, 5.000000, 5.000000, 5.000000, 5.000000, 5.000000, 5.000000, 5.000000],
				[6.000000, 6.000000, 6.000000, 6.000000, 6.000000, 6.000000, 5.000000, 5.000000, 5.000000, 5.000000, 5.000000, 5.000000, 5.000000, 5.000000, 5.000000, 5.000000, 5.000000, 5.000000, 5.000000, 5.000000, 5.000000, 5.000000, 5.000000, 5.000000]
			]
		},
		"Solarfield": {
			"DepAngle": 10,
			"Distance_SCA": 1,
			"HTFFluid": 21,
			"HtfGalArea": 0.614,
			"MinHtfTemp": 50,
			"NumScas": 4,
			"Row_Distance": 15,
			"SFTempInit": 100,
			"SfInTempD": 293,
			"SfOutTempD": 391,
			"SfPipeHl1": 0.001693,
			"SfPipeHl2": -1.683e-05,
			"SfPipeHl3": 6.78e-08,
			"SfPipeHl300": 10,
			"Solar_Field_Area": 858768,
			"Solar_Field_Mult": 2,
			"Stow_Angle": 170,
			"i_SfTi": -999
		},
		"Sca": {
			"Ave_Focal_Length": 1.8,
			"ConcFac": 1,
			"GeoAcc": 0.98,
			"IamF0": 1,
			"IamF1": 0.0506,
			"IamF2": -0.1763,
			"MirCln": 0.97,
			"MirRef": 0.935,
			"SCA_aper": 5,
			"ScaLen": 100,
			"SfAvail": 0.99,
			"TrkTwstErr": 0.994
		},
		"Hce": {
			"HCEBelShad": [0.963000, 0.963000, 0.963000, 0.000000],
			"HCEEnvTrans": [0.963000, 0.963000, 1.000000, 0.000000],
			"HCEFrac": [0.985000, 0.010000, 0.005000, 0.000000],
			"HCE_A0": [4.050000, 50.800000, -9.950000, 0.000000],
			"HCE_A1": [0.247000, 0.904000, 0.465000, 0.000000],
			"HCE_A2": [-0.001460, 0.000579, -0.000854, 0.000000],
			"HCE_A3": [0.000006, 0.000011, 0.000018, 0.000000],
			"HCE_A4": [0.000000, 0.000000, 0.000001, 0.000000],
			"HCE_A5": [-1.700000, -43.200000, 24.700000, 0.000000],
			"HCE_A6": [0.012500, 0.524000, 3.370000, 0.000000],
			"HCEabs": [0.960000, 0.960000, 0.800000, 0.000000],
			"HCEdust": [0.980000, 0.980000, 0.980000, 0.980000],
			"HCEmisc": [1.000000, 1.000000, 1.000000, 0.000000],
			"HCEtype": [1.000000, 1.000000, 1.000000, 1.000000],
			"NumHCETypes": 4,
			"PerfFac": [1.000000, 1.000000, 1.000000, 0.000000],
			"RefMirrAper": [5.000000, 5.000000, 5.000000, 5.000000]
		},
		"Pwrb": {
			"E2TPLF0": 0.03737,
			"E2TPLF1": 0.98823,
			"E2TPLF2": -0.064991,
			"E2TPLF3": 0.039388,
			"E2TPLF4": 0,
			"LHVBoilEff": 0.9,
			"MaxGrOut": 1.15,
			"MinGrOut": 0.25,
			"PTTMAX": 1.15,
			"PTTMIN": 0.25,