{
	"defaults": {
		"Common": {
			"en_electricity_rates": 1
		},
		"Lifetime": {
			"analysis_period": 30,
			"inflation_rate": 2.5,
			"system_use_lifetime_output": 0
		},
		"SystemOutput": {
			"degradation": [0.000000],
			"gen": [0]
		},
		"TimeSeries": {
		},
		"UtilityRateFlat": {
			"rate_escalation": [0.000000],
			"ur_annual_min_charge": 0,
			"ur_en_ts_sell_rate": 0,
			"ur_metering_option": 0,
			"ur_monthly_fixed_charge": 0,
			"ur_monthly_min_charge": 0,
			"ur_nm_yearend_sell_rate": 0,
			"ur_ts_buy_rate": [0.000000],
			"ur_ts_sell_rate": [0.000000]
		},
		"UtilityRateEnergyCharge": {
			"ur_ec_sched_weekday": [
				[4.000000, 4.000000, 4.000000, 4.000000, 4.000000, 4.000000, 4.000000, 4.000000, 4.000000, 4.000000, 4.000000, 4.000000, 3.000000, 3.000000, 3.000000, 3.000000, 3.000000, 3.000000, 3.000000, 4.000000, 4.000000, 4.000000, 4.000000, 4.000000],
				[4.000000, 4.000000, 4.000000, 4.000000, 4.000000, 4.000000, 4.000000, 4.000000, 4.000000, 4.000000, 4.000000, 4.000000, 3.000000, 3.000000, 3.000000, 3.000000, 3.000000, 3.000000, 3.000000, 4.000000, 4.000000, 4.000000, 4.000000, 4.000000],
				[4.000000, 4.000000, 4.000000, 4.000000, 4.000000, 4.000000, 4.000000, 4.000000, 4.000000, 4.000000, 4.000000, 4.000000, 3.000000, 3.000000, 3.000000, 3.000000, 3.000000, 3.000000, 3.000000, 4.000000, 4.000000, 4.000000, 4.000000, 4.000000],
				[4.000000, 4.000000, 4.000000, 4.000000, 4.000000, 4.000000, 4.000000, 4.000000, 4.000000, 4.000000, 4.000000, 4.000000, 3.000000, 3.000000, 3.000000, 3.000000, 3.000000, 3.000000, 3.000000, 4.000000, 4.000000, 4.000000, 4.000000, 4.000000],
				[2.000000, 2.000000, 2.000000, 2.000000, 2.000000, 2.000000, 2.000000, 2.000000, 2.000000, 2.000000, 2.000000, 2.000000, 1.000000, 1.000000, 1.000000, 1.000000, 1.000000, 1.000000, 1.000000, 2.000000, 2.000000, 2.000000, 2.000000, 2.000000],
				[2.000000, 2.000000, 2.000000, 2.000000, 2.000000, 2.000000, 2.000000, 2.000000, 2.000000, 2.000000, 2.000000, 2.000000, 1.000000, 1.000000, 1.000000, 1.000000, 1.000000, 1.000000, 1.000000, 2.000000, 2.000000, 2.000000, 2.000000, 2.000000],
				[2.000000, 2.000000, 2.000000, 2.000000, 2.000000, 2.000000, 2.000000, 2.000000, 2.000000, 2.000000, 2.000000, 2.000000, 1.000000, 1.000000, 1.000000, 1.000000, 1.000000, 1.000000, 1.000000, 2.000000, 2.000000, 2.000000, 2.000000, 2.000000],
				[2.000000, 2.000000, 2.000000, 2.000000, 2.000000, 2.000000, 2.000000, 2.000000, 2.000000, 2.000000, 2.000000, 2.000000, 1.000000, 1.000000, 1.000000, 1.000000, 1.000000, 1.000000, 1.000000, 2.000000, 2.000000, 2.000000, 2.000000, 2.000000],
				[2.000000, 2.000000, 2.000000, 2.000000, 2.000000, 2.000000, 2.000000, 2.000000, 2.000000, 2.000000, 2.000000, 2.000000, 1.000000, 1.000000, 1.000000, 1.000000, 1.000000, 1.000000, 1.000000, 2.000000, 2.000000, 2.000000, 2.000000, 2.000000],
				[2.000000, 2.000000, 2.000000, 2.000000, 2.000000, 2.000000, 2.000000, 2.000000, 2.000000, 2.000000, 2.000000, 2.000000, 1.000000, 1.000000, 1.000000, 1.000000, 1.000000, 1.000000, 1.000000, 2.000000, 2.000000, 2.000000, 2.000000, 2.000000],
				[4.000000, 4.000000, 4.000000, 4.000000, 4.000000, 4.000000, 4.000000, 4.000000, 4.000000, 4.000000, 4.000000, 4.000000, 3.000000, 3.000000, 3.000000, 3.000000, 3.000000, 3.000000, 3.000000, 4.000000, 4.000000, 4.000000, 4.000000, 4.000000],
				[4.000000, 4.000000, 4.000000, 4.000000, 4.000000, 4.000000, 4.000000, 4.000000, 4.000000, 4.000000, 4.000000, 4.000000, 3.000000, 3.000000, 3.000000, 3.000000, 3.000000, 3.000000, 3.000000, 4.000000, 4.000000, 4.000000, 4.000000, 4.000000]
			],
			"ur_ec_sched_weekend": [
				[4.000000, 4.000000, 4.000000, 4.000000, 4.000000, 4.000000, 4.000000, 4.000000, 4.000000, 4.000000, 4.000000, 4.000000, 4.000000, 4.000000, 4.000000, 4.000000, 4.000000, 4.000000, 4.000000, 4.000000, 4.000000, 4.000000, 4.000000, 4.000000],
				[4.000000, 4.000000, 4.000000, 4.000000, 4.000000, 4.000000, 4.000000, 4.000000, 4.000000, 4.000000, 4.000000, 4.000000, 4.000000, 4.000000, 4.000000, 4.000000, 4.000000, 4.000000, 4.000000, 4.000000, 4.000000, 4.000000, 4.000000, 4.000000],
				[4.000000, 4.000000, 4.000000, 4.000000, 4.000000, 4.000000, 4.000000, 4.000000, 4.000000, 4.000000, 4.000000, 4.000000, 4.000000, 4.000000, 4.000000, 4.000000, 4.000000, 4.000000, 4.000000, 4.000000, 4.000000, 4.000000, 4.000000, 4.000000],
				[4.000000, 4.000000, 4.000000, 4.000000, 4.000000, 4.000000, 4.000000, 4.000000, 4.000000, 4.000000, 4.000000, 4.000000, 4.000000, 4.000000, 4.000000, 4.000000, 4.000000, 4.000000, 4.000000, 4.000000, 4.000000, 4.000000, 4.000000, 4.000000],
				[2.000000, 2.000000, 2.000000, 2.000000, 2.000000, 2.000000, 2.000000, 2.000000, 2.000000, 2.000000, 2.000000, 2.000000, 2.000000, 2.000000, 2.000000, 2.000000, 2.000000, 2.000000, 2.000000, 2.000000, 2.000000, 2.000000, 2.000000, 2.000000],
				[2.000000, 2.000000, 2.000000, 2.000000, 2.000000, 2.000000, 2.000000, 2.000000, 2.000000, 2.000000, 2.000000, 2.000000, 2.000000, 2.000000, 2.000000, 2.000000, 2.000000, 2.000000, 2.000000, 2.000000, 2.000000, 2.000000, 2.000000, 2.000000],
				[2.000000, 2.000000, 2.000000, 2.000000, 2.000000, 2.000000, 2.000000, 2.000000, 2.000000, 2.000000, 2.000000, 2.000000, 2.000000, 2.000000, 2.000000, 2.000000, 2.000000, 2.000000, 2.000000, 2.000000, 2.000000, 2.000000, 2.000000, 2.000000],
				[2.000000, 2.000000, 2.000000, 2.000000, 2.000000, 2.000000, 2.000000, 2.000000, 2.000000, 2.000000, 2.000000, 2.000000, 2.000000, 2.000000, 2.000000, 2.000000, 2.000000, 2.000000, 2.000000, 2.000000, 2.000000, 2.000000, 2.000000, 2.000000],
				[2.000000, 2.000000, 2.000000, 2.000000, 2.000000, 2.000000, 2.000000, 2.000000, 2.000000, 2.000000, 2.000000, 2.000000, 2.000000, 2.000000, 2.000000, 2.000000, 2.000000, 2.000000, 2.000000, 2.000000, 2.000000, 2.000000, 2.000000, 2.000000],
				[2.000000, 2.000000, 2.000000, 2.000000, 2.000000, 2.000000, 2.000000, 2.000000, 2.000000, 2.000000, 2.000000, 2.000000, 2.000000, 2.000000, 2.000000, 2.000000, 2.000000, 2.000000, 2.000000, 2.000000, 2.000000, 2.000000, 2.000000, 2.000000],
				[4.000000, 4.000000, 4.000000, 4.000000, 4.000000, 4.000000, 4.000000, 4.000000, 4.000000, 4.000000, 4.000000, 4.000000, 4.000000, 4.000000, 4.000000, 4.000000, 4.000000, 4.000000, 4.000000, 4.000000, 4.000000, 4.000000, 4.000000, 4.000000],
				[4.000000, 4.000000, 4.000000, 4.000000, 4.000000, 4.000000, 4.000000, 4.000000, 4.000000, 4.000000, 4.000000, 4.000000, 4.000000, 4.000000, 4.000000, 4.000000, 4.000000, 4.000000, 4.000000, 4.000000, 4.000000, 4.000000, 4.000000, 4.000000]
			],
			"ur_ec_tou_mat": [
				[1.000000, 1.000000, 99999999999999997748809823456034029568.000000, 0.000000, 0.266870, 0.266870],
				[2.000000, 1.000000, 99999999999999997748809823456034029568.000000, 0.000000, 0.083280, 0.083280],
				[3.000000, 1.000000, 99999999999999997748809823456034029568.000000, 0.000000, 0.220570, 0.220570],
				[4.000000, 1.000000, 99999999999999997748809823456034029568.000000, 0.000000, 0.083260, 0.083260]
			]
		},
		"UtilityRateDemandCharge": {
			"ur_dc_enable": 0,