{
	"defaults": {
		"Resource": {
			"weibull_k_factor": 2,
			"weibull_reference_height": 50,
			"weibull_wind_speed": 7.25,
			"wind_resource_distribution": [
				[3.118500, 45.000000, 0.034400],
				[9.135500, 45.000000, 0.017200],
				[15.152500, 45.000000, 0.000457],
				[21.169500, 45.000000, 0.000000],
				[3.118500, 135.000000, 0.046800],
				[9.135500, 135.000000, 0.059100],
				[15.152500, 135.000000, 0.003200],
				[21.169500, 135.000000, 0.000114],
				[3.118500, 225.000000, 0.063800],
				[9.135500, 225.000000, 0.282000],
				[15.152500, 225.000000, 0.263000],
				[21.169500, 225.000000, 0.048700],
				[3.118500, 315.000000, 0.062400],
				[9.135500, 315.000000, 0.097400],
				[15.152500, 315.000000, 0.020500],
				[21.169500, 315.000000, 0.001030]
			],
			"wind_resource_model_choice": 0
		},
		"Turbine": {
			"wind_resource_shear": 0.14,
			"wind_turbine_hub_ht": 30,
			"wind_turbine_max_cp": 0.42,
			"wind_turbine_powercurve_powerout": [0.000000, 0.000000, 0.000000, 0.000000, 0.000000, 0.000000, 0.030000, 0.170000, 0.350000, 0.660000, 1.070000, 1.600000, 2.190000, 2.970000, 3.840000, 4.630000, 5.580000, 6.670000, 7.910000, 9.190000, 10.620000, 12.000000, 13.140000, 14.480000, 15.720000, 18.280000, 18.620000, 19.060000, 19.200000, 19.540000, 19.580000, 19.780000, 19.910000, 20.000000, 20.030000, 19.660000, 19.980000, 19.840000, 20.120000, 20.180000],
			"wind_turbine_powercurve_windspeeds": [0.510000, 1.050000, 1.550000, 2.010000, 2.500000, 2.990000, 3.520000, 4.000000, 4.510000, 5.010000, 5.500000, 5.990000, 6.500000, 7.000000, 7.510000, 8.010000, 8.490000, 9.000000, 9.490000, 10.000000, 10.500000, 10.990000, 11.500000, 11.980000, 12.500000, 13.990000, 14.500000, 14.990000, 15.500000, 15.980000, 16.490000, 16.970000, 17.490000, 17.990000, 18.490000, 19.060000, 19.440000, 19.970000, 20.510000, 21.040000],
			"wind_turbine_rotor_diameter": 9.5
		},
		"Farm": {
			"system_capacity": 20,
			"wind_farm_wake_model": 0,
			"wind_farm_xCoordinates": [0.000000],
			"wind_farm_yCoordinates": [0.000000],
			"wind_resource_turbulence_coeff": 0.1
		},
		"Losses": {
			"avail_bop_loss": 0.5,
			"avail_grid_loss": 1.5,
			"avail_turb_loss": 3.58,
			"elec_eff_loss": 1.91,
			"elec_parasitic_loss": 0.1,
			"env_degrad_loss": 1.8,
			"env_env_loss": 0.4,
			"env_exposure_loss": 0,
			"env_icing_loss": 0.21,
			"ops_env_loss": 1,
			"ops_grid_loss": 0.84,
			"ops_load_loss": 0.99,
			"ops_strategies_loss": 0,
			"turb_generic_loss": 1.7,
			"turb_hysteresis_loss": 0.4,
			"turb_perf_loss": 1.1,
			"turb_specific_loss": 0.81,
			"wake_ext_loss": 1.1,
			"wake_future_loss": 0,
			"wake_int_loss": 0
		},
		"AdjustmentFactors": {
			"constant": 0,
			"en_periods": 0,
			"en_timeindex": 0,
			"periods": [
				[0.000000, 0.000000, 0.000000]
			],
			"timeindex": [0.000000, 0.000000, 0.000000, 0.000000, 0.000000, 0.000000, 0.000000]
		},
		"Uncertainty": {
			"total_uncert": 12.085
		}
	}
}