{
	"defaults": {
		"Resource": {
			"weibull_k_factor": 2,
			"weibull_reference_height": 50,
			"weibull_wind_speed": 7.25,
			"wind_resource_distribution": [
				[0.000000, 0.000000, 1.000000]
			],
			"wind_resource_model_choice": 0
		},
		"Turbine": {
			"wind_resource_shear": 0.14,
			"wind_turbine_hub_ht": 80,
			"wind_turbine_max_cp": 0.45,
			"wind_turbine_powercurve_powerout": [0.000000, 0.000000, 0.000000, 0.000000, 0.000000, 0.000000, 0.000000, 0.000000, 0.000000, 0.000000, 0.000000, 0.000000, 0.000000, 0.000000, 21.320000, 33.510000, 45.690000, 65.210000, 79.830000, 104.250000, 128.660000, 157.970000, 187.270000, 216.580000, 250.780000, 292.320000, 333.850000, 375.400000, 426.720000, 475.600000, 534.270000, 597.810000, 656.490000, 724.940000, 798.290000, 871.630000, 940.080000, 1010.000000, 1060.000000, 1130.000000, 1190.000000, 1240.000000, 1290.000000, 1330.000000, 1370.000000, 1390.000000, 1410.000000, 1430.000000, 1440.000000, 1460.000000, 1470.000000, 1475.000000, 1480.000000, 1485.000000, 1490.000000, 1495.000000, 1500.000000, 1500.000000, 1500.000000, 1500.000000, 1500.000000, 1500.000000, 1500.000000, 1500.000000, 1500.000000, 1500.000000, 1500.000000, 1500.000000, 1500.000000, 1500.000000, 1500.000000, 1500.000000, 1500.000000, 1500.000000, 1500.000000, 1500.000000, 1500.000000, 1500.000000, 1500.000000, 1500.000000, 1500.000000, 1500.000000, 1500.000000, 1500.000000, 1500.000000, 1500.000000, 1500.000000, 1500.000000, 1500.000000, 1500.000000, 1500.000000, 1500.000000, 1500.000000, 1500.000000, 1500.000000, 1500.000000, 1500.000000, 1500.000000, 1500.000000, 1500.000000, 1500.000000, 0.000000, 0.000000, 0.000000, 0.000000, 0.000000, 0.000000, 0.000000, 0.000000, 0.000000, 0.000000, 0.000000, 0.000000, 0.000000, 0.000000, 0.000000, 0.000000, 0.000000, 0.000000, 0.000000, 0.000000, 0.000000, 0.000000, 0.000000, 0.000000, 0.000000, 0.000000, 0.000000, 0.000000, 0.000000, 0.000000, 0.000000, 0.000000, 0.000000, 0.000000, 0.000000, 0.000000, 0.000000, 0.000000, 0.000000, 0.000000, 0.000000, 0.000000, 0.000000, 0.000000, 0.000000, 0.000000, 0.000000, 0.000000, 0.000000, 0.000000, 0.000000, 0.000000, 0.000000, 0.000000, 0.000000, 0.000000, 0.000000, 0.000000, 0.000000, 0.000000],
			"wind_turbine_powercurve_windspeeds": [0.000000, 0.250000, 0.500000, 0.750000, 1.000000, 1.250000, 1.500000, 1.750000, 2.000000, 2.250000, 2.500000, 2.750000, 3.000000, 3.250000, 3.500000, 3.750000, 4.000000, 4.250000, 4.500000, 4.750000, 5.000000, 5.250000, 5.500000, 5.750000, 6.000000, 6.250000, 6.500000, 6.750000, 7.000000, 7.250000, 7.500000, 7.750000, 8.000000, 8.250000, 8.500000, 8.750000, 9.000000, 9.250000, 9.500000, 9.750000, 10.000000, 10.250000, 10.500000, 10.750000, 11.000000, 11.250000, 11.500000, 11.750000, 12.000000, 12.250000, 12.500000, 12.750000, 13.000000, 13.250000, 13.500000, 13.750000, 14.000000, 14.250000, 14.500000, 14.750000, 15.000000, 15.250000, 15.500000, 15.750000, 16.000000, 16.250000, 16.500000, 16.750000, 17.000000, 17.250000, 17.500000, 17.750000, 18.000000, 18.250000, 18.500000, 18.750000, 19.000000, 19.250000, 19.500000, 19.750000, 20.000000, 20.250000, 20.500000, 20.750000, 21.000000, 21.250000, 21.500000, 21.750000, 22.000000, 22.250000, 22.500000, 22.750000, 23.000000, 23.250000, 23.500000, 23.750000, 24.000000, 24.250000, 24.500000, 24.750000, 25.000000, 25.250000, 25.500000, 25.750000, 26.000000, 26.250000, 26.500000, 26.750000, 27.000000, 27.250000, 27.500000, 27.750000, 28.000000, 28.250000, 28.500000, 28.750000, 29.000000, 29.250000, 29.500000, 29.750000, 30.000000, 30.250000, 30.500000, 30.750000, 31.000000, 31.250000, 31.500000, 31.750000, 32.000000, 32.250000, 32.500000, 32.750000, 33.000000, 33.250000, 33.500000, 33.750000, 34.000000, 34.250000, 34.500000, 34.750000, 35.000000, 35.250000, 35.500000, 35.750000, 36.000000, 36.250000, 36.500000, 36.750000, 37.000000, 37.250000, 37.500000, 37.750000, 38.000000, 38.250000, 38.500000, 38.750000, 39.000000, 39.250000, 39.500000, 39.750000, 40.000000],
			"wind_turbine_rotor_diameter": 77
		},
		"Farm": {
			"system_capacity": 48000,
			"wind_farm_wake_model": 0,
			"wind_farm_xCoordinates": [0.000000, 616.000000, 1232.000000, 1848.000000, 2464.000000, 3080.000000, 3696.000000, 4312.000000, 308.000000, 924.000000, 1540.000000, 2156.000000, 2772.000000, 3388.000000, 4004.000000, 4620.000000, 0.000000, 616.000000, 1232.000000, 1848.000000, 2464.000000, 3080.000000, 3696.000000, 4312.000000, 308.000000, 924.000000, 1540.000000, 2156.000000, 2772.000000, 3388.000000, 4004.000000, 4620.000000],
			"wind_farm_yCoordinates": [0.000000, 0.000000, 0.000000, 0.000000, 0.000000, 0.000000, 0.000000, 0.000000, 616.000000, 616.000000, 616.000000, 616.000000, 616.000000, 616.000000, 616.000000, 616.000000, 1232.000000, 1232.000000, 1232.000000, 1232.000000, 1232.000000, 1232.000000, 1232.000000, 1232.000000, 1848.000000, 1848.000000, 1848.000000, 1848.000000, 1848.000000, 1848.000000, 1848.000000, 1848.000000],
			"wind_resource_turbulence_coeff": 0.1
		},
		"Losses": {
			"avail_bop_loss": 0.5,
			"avail_grid_loss": 1.5,
			"avail_turb_loss": 3.58,
			"elec_eff_loss": 1.91,
			"elec_parasitic_loss": 0.1,
			"env_degrad_loss": 1.8,
			"env_env_loss": 0.4,
			"env_exposure_loss": 0,
			"env_icing_loss": 0.21,
			"ops_env_loss": 1,
			"ops_grid_loss": 0.84,
			"ops_load_loss": 0.99,
			"ops_strategies_loss": 0,
			"turb_generic_loss": 1.7,
			"turb_hysteresis_loss": 0.4,
			"turb_perf_loss": 1.1,
			"turb_specific_loss": 0.81,
			"wake_ext_loss": 1.1,
			"wake_future_loss": 0,
			"wake_int_loss": 0
		},
		"Uncertainty": {
			"total_uncert": 12.0852
		},
		"AdjustmentFactors": {
			"constant": 0
		}
	}
}