{
	"Commercial_defaults": {
		"WindResourceFile": {
		},
		"WindTurbine": {
			"wind_resource_shear": 0.14,
			"wind_turbine_hub_ht": 25,
			"wind_turbine_max_cp": 0.37,
			"wind_turbine_powercurve_powerout": [0.000000, 0.000000, 0.000000, 0.000000, 3.700000, 10.500000, 19.000000, 29.400000, 41.000000, 54.299999, 66.800003, 77.699997, 86.400002, 92.800003, 97.300003, 100.000000, 100.800003, 100.599998, 99.800003, 99.400002, 98.599998, 97.800003, 97.300003, 97.300003, 98.000000, 99.699997, 0.000000, 0.000000, 0.000000, 0.000000, 0.000000, 0.000000, 0.000000, 0.000000, 0.000000, 0.000000, 0.000000, 0.000000, 0.000000, 0.000000, 0.000000],
			"wind_turbine_powercurve_windspeeds": [0.000000, 1.000000, 2.000000, 3.000000, 4.000000, 5.000000, 6.000000, 7.000000, 8.000000, 9.000000, 10.000000, 11.000000, 12.000000, 13.000000, 14.000000, 15.000000, 16.000000, 17.000000, 18.000000, 19.000000, 20.000000, 21.000000, 22.000000, 23.000000, 24.000000, 25.000000, 26.000000, 27.000000, 28.000000, 29.000000, 30.000000, 31.000000, 32.000000, 33.000000, 34.000000, 35.000000, 36.000000, 37.000000, 38.000000, 39.000000, 40.000000],
			"wind_turbine_rotor_diameter": 21
		},
		"WindFarm": {
			"system_capacity": 100,
			"wind_farm_losses_percent": 0,
			"wind_farm_wake_model": 0,
			"wind_farm_xCoordinates": [0.000000],
			"wind_farm_yCoordinates": [0.000000],
			"wind_resource_turbulence_coeff": 0.1
		},
		"WindPower": {
			"wind_resource_model_choice": 0
		},
		"WindSpeedWeibullDistribution": {
			"weibull_k_factor": 2,
			"weibull_reference_height": 50,
			"weibull_wind_speed": 7.25
		},
		"AdjustmentFactors": {
			"constant": 0
		}
	}
}