{
    "defaults": {
        "ParamsCell": {
            "C_rate": 0.05,
            "Qexp": 24.675,
            "Qfull": 30,
            "Qnom": 20.96,
            "Vexp": 2.035,
            "Vfull": 2.035,
            "Vnom": 2,
            "Vnom_default": 2,
            "leadacid_q20": 100,
            "leadacid_q10": 43, 
            "leadacid_qn": 40,
            "leadacid_tn": 1,
            "calendar_choice": 0,
            "chem": 0,
            "cycling_matrix": [
                [
                    100,
                    0,
                    107.0336711
                ],
                [
                    100,
                    78,
                    106.2367595
                ],
                [
                    100,
                    155,
                    99.31591834
                ],
                [
                    100,
                    225,
                    88.4519364
                ],
                [
                    100,
                    283,
                    76.90447695
                ],
                [
                    100,
                    331,
                    65.70010163
                ],
                [
                    60,
                    0,
                    99.66594258
                ],
                [
                    60,
                    82,
                    103.067629
                ],
                [
                    60,
                    157,
                    105.9231793
                ],
                [
                    60,
                    230,
                    108.0512886
                ],
                [
                    60,
                    305,
                    109.1644466
                ],
                [
                    60,
                    379,
                    109.01082
                ],
                [
                    60,
                    455,
                    107.1583692
                ],
                [
                    60,
                    531,
                    102.6818697
                ],
                [
                    60,
                    608,
                    95.91097842
                ],
                [
                    60,
                    682,
                    86.06425502
                ],
                [
                    60,
                    744,
                    74.42387647
                ],
                [
                    60,
                    783,
                    64.27151711
                ],
                [
                    50,
                    0,
                    99.6659426
                ],
                [
                    50,
                    82,
                    103.101846
                ],
                [
                    50,
                    155,
                    105.956063
                ],
                [
                    50,
                    230,
                    108.051289
                ],
                [
                    50,
                    305,
                    109.164447
                ],
                [
                    50,
                    379,
                    108.988919
                ],
                [
                    50,
                    455,
                    107.612098
                ],
                [
                    50,
                    530,
                    105.571679
                ],
                [
                    50,
                    606,
                    102.15444
                ],
                [
                    50,
                    682,
                    97.3285329
                ],
                [
                    50,
                    759,
                    90.9095439
                ],
                [
                    50,
                    835,
                    82.5464166
                ],
                [
                    50,
                    911,
                    72.1192173
                ],
                [
                    50,
                    962,
                    63.3411373
                ],
                [
                    30,
                    0,
                    99.66816445
                ],
                [
                    30,
                    82,
                    102.9787542
                ],
                [
                    30,
                    157,
                    105.8934062
                ],
                [
                    30,
                    230,
                    108.0512886
                ],
                [
                    30,
                    305,
                    109.2577652
                ],
                [
                    30,
                    379,
                    110.2242797
                ],
                [
                    30,
                    454,
                    110.8352945
                ],
                [
                    30,
                    528,
                    110.9241694
                ],
                [
                    30,
                    603,
                    110.5353418
                ],
                [
                    30,
                    679,
                    109.6465929
                ],
                [
                    30,
                    753,
                    108.2712539
                ],
                [
                    30,
                    829,
                    106.4115468
                ],
                [
                    30,
                    904,
                    104.0674716
                ],
                [
                    30,
                    981,
                    101.2390282
                ],
                [
                    30,
                    1056,
                    97.92399471
                ],
                [
                    30,
                    1131,
                    94.10015251
                ],
                [
                    30,
                    1208,
                    89.78083279
                ],
                [
                    30,
                    1283,
                    84.92604185
                ],
                [
                    30,
                    1360,
                    79.5268922
                ],
                [
                    30,
                    1437,
                    73.49006521
                ],
                [
                    30,
                    1513,
                    66.73557347
                ],
                [
                    30,
                    1565,
                    61.90605633
                ]
            ],
            "resistance": 0.25,
            "voltage_choice": 0.0
        },
        "ParamsPack": {
            "Cp": 660.0,
            "T_room_init": 20,