{
	"defaults": {
		"ParamsCell": {
			"C_rate": 0.2,
			"Qexp": 61.014,
			"Qfull": 75.55,
			"Qnom": 73.81,
			"Vexp": 3.53,
			"Vfull": 4.2,
			"Vnom": 3.342,
			"Vnom_default": 3.6,
			"calendar_a": 0.00266,
			"calendar_b": -7280.0,
			"calendar_c": 930.0,
			"calendar_choice": 1.0,
			"calendar_q0": 1.02,
			"chem": 1,
			"cycling_matrix": [
                [
                    20,
                    0,
                    100
                ],
                [
                    20,
                    5000,
                    99.98
                ],
                [
                    20,
                    15000,
                    99.94
                ],
                [
                    80,
                    0,
                    100
                ],
                [
                    80,
                    1000,
                    98.1
                ],
                [
                    80,
                    2000,
                    96.2
                ],
                [
                    80,
                    3000,
                    94.2
                ],
                [
                    80,
                    4000,
                    92.2
                ],
                [
                    80,
                    5000,
                    90.1
                ],
                [
                    100,
                    0,
                    100
                ],
                [
                    100,
                    1000,
                    94.7
                ],
                [
                    100,
                    2000,
                    89
                ],
                [
                    100,
                    3000,
                    83
                ],
                [
                    100,
                    4000,
                    76.5
                ],
                [
                    100,
                    5000,
                    69.4
                ]
            ],
			"resistance": 0.001155,
			"voltage_choice": 0.0
		},
		"ParamsPack": {
			"Cp": 1500.0,
			"T_room_init": 20,
			"cap_vs_temp": [ [ 0,  80.200000000000003 ], [ 23, 100 ], [ 30, 103.09999999999999 ], [ 45, 105.40000000000001 ] ],
			"h": 7.5,
			"mass": 99.0,
			"nominal_energy": 10.0,
			"nominal_voltage": 500.0,
			"surface_area": 2.071
		}
	}
}
