{"Number Variables":64,"ac_nameplate":[[3.3333332538604738]],"annual_albedo":[[0.18395069241523744]],"annual_beam":[[7.335643768310547]],"annual_diffuse":[[1.3484328985214234]],"annual_global":[[5.794761657714844]],"annual_snow":[[