{
	"defaults": {
		"ParamsCell": {
			"C_rate": 0.2,
			"Qexp": 2.584,
			"Qfull": 3.2,
			"Qnom": 3.126,
			"Vexp": 3.53,
			"Vfull": 4.2,
			"Vnom": 3.342,
            "Vnom_default": 3.6,
            "Vcut": 2.772,
			"chem": 1,
			"resistance": 0.001155,
			"voltage_choice": 0.0,
			"life_model": 1,
            "calendar_a": 0.00266,
            "calendar_b": -7280.0,
            "calendar_c": 930.0,
            "calendar_choice": 1.0,
            "calendar_q0": 1.02,
            "cycling_matrix": [
                [10, 0, 100.85333333333334],
                [10, 1250, 94.88402967051991],
                [10, 2500, 88.91472600735459],
                [10, 3750, 82.94542234383735],
                [10, 5000, 76.97611867996821],
                [20, 0, 100.85333333333334],
                [20, 1250, 94.87983534903533],
                [20, 2500, 88.90633717426442],
                [20, 3750, 82.93283880899575],
                [20, 5000, 76.95934025320447],
                [40, 0, 100.85333333333334],
                [40, 1250, 94.78221121806645],
                [40, 2500, 88.71098572007159],
                [40, 3750, 82.63965652437861],
                [40, 5000, 76.56822331441485],
                [80, 0, 100.85333333333334],
                [80, 1250, 92.48380979037378],
                [80, 2500, 84.0542799046757],
                [80, 3750, 75.5600050138485],
                [80, 5000, 66.99558786034476],
                [100, 0, 100.85333333333334],
                [100, 1250, 88.12558851005116],
                [100, 2500, 74.87324171194942],
                [100, 3750, 60.95107257220129],
                [100, 5000, 46.13117125424217]
            ]
        },
		"ParamsPack": {
			"Cp": 1500.0,
			"T_room_init": 20,
			"h": 7.5,
			"mass": 99.0,
			"nominal_energy": 10.0,
			"nominal_voltage": 500.0,
			"surface_area": 2.071,
            "cap_vs_temp": [ [ 0,  80.200000000000003 ], [ 23, 100 ], [ 30, 103.09999999999999 ], [ 45, 105.40000000000001 ] ]
        }
	}
}
