{
    "defaults": {
        "ParamsCell": {
            "Vnom_default": 2.4,
            "Qfull": 2,
            "calendar_choice": 0,
            "chem": 1,
            "life_model": 2,
            "cycling_matrix": [
                [
                    100,
                    0,
                    107.0336711
                ],
                [
                    100,
                    78,
                    106.2367595
                ],
                [
                    100,
                    155,
                    99.31591834
                ],
                [
                    100,
                    225,
                    88.4519364
                ],
                [
                    100,
                    283,
                    76.90447695
                ],
                [
                    100,
                    331,
                    65.70010163
                ],
                [
                    60,
                    0,
                    99.66594258
                ],
                [
                    60,
                    82,
                    103.067629
                ],
                [
                    60,
                    157,
                    105.9231793
                ],
                [
                    60,
                    230,
                    108.0512886
                ],
                [
                    60,
                    305,
                    109.1644466
                ],
                [
                    60,
                    379,
                    109.01082
                ],
                [
                    60,
                    455,
                    107.1583692
                ],
                [
                    60,
                    531,
                    102.6818697
                ],
                [
                    60,
                    608,
                    95.91097842
                ],
                [
                    60,
                    682,
                    86.06425502
                ],
                [
                    60,
                    744,
                    74.42387647
                ],
                [
                    60,
                    783,
                    64.27151711
                ],
                [
                    50,
                    0,
                    99.6659426
                ],
                [
                    50,
                    82,
                    103.101846
                ],
                [
                    50,
                    155,
                    105.956063
                ],
                [
                    50,
                    230,
                    108.051289
                ],
                [
                    50,
                    305,
                    109.164447
                ],
                [
                    50,
                    379,
                    108.988919
                ],
                [
                    50,
                    455,
                    107.612098
                ],
                [
                    50,
                    530,
                    105.571679
                ],
                [
                    50,
                    606,
                    102.15444
                ],
                [
                    50,
                    682,
                    97.3285329
                ],
                [
                    50,
                    759,
                    90.9095439
                ],
                [
                    50,
                    835,
                    82.5464166
                ],
                [
                    50,
                    911,
                    72.1192173
                ],
                [
                    50,
                    962,
                    63.3411373
                ],
                [
                    30,
                    0,
                    99.66816445
                ],
                [
                    30,
                    82,
                    102.9787542
                ],
                [
                    30,
                    157,
                    105.8934062
                ],
                [
                    30,
                    230,
                    108.0512886
                ],
                [
                    30,
                    305,
                    109.2577652
                ],
                [
                    30,
                    379,
                    110.2242797
                ],
                [
                    30,
                    454,
                    110.8352945
                ],
                [
                    30,
                    528,
                    110.9241694
                ],
                [
                    30,
                    603,
                    110.5353418
                ],
                [
                    30,
                    679,
                    109.6465929
                ],
                [
                    30,
                    753,
                    108.2712539
                ],
                [
                    30,
                    829,
                    106.4115468
                ],
                [
                    30,
                    904,
                    104.0674716
                ],
                [
                    30,
                    981,
                    101.2390282
                ],
                [
                    30,
                    1056,
                    97.92399471
                ],
                [
                    30,
                    1131,
                    94.10015251
                ],
                [
                    30,
                    1208,
                    89.78083279
                ],
                [
                    30,
                    1283,
                    84.92604185
                ],
                [
                    30,
                    1360,
                    79.5268922
                ],
                [
                    30,
                    1437,
                    73.49006521
                ],
                [
                    30,
                    1513,
                    66.73557347
                ],
                [
                    30,
                    1565,
                    61.90605633
                ]
            ],
            "resistance": 0.001,
            "voltage_choice": 1,
            "voltage_matrix":[
                [3.55E-15, 2.66443299],
                [3.538710415, 2.63900522],
                [10.42095268, 2.612970471],
                [17.30319495, 2.593547721],
                [24.18543722, 2.576117428],
                [31.06767949, 2.558760928],
                [37.94992175, 2.540459858],
                [44.83216402, 2.520372957],
                [51.71440629, 2.498618297],
                [58.59664856, 2.476125691],
                [65.47889082, 2.452821343],
                [72.36113309, 2.427554059],
                [79.24337536, 2.402080149],
                [86.12561763, 2.374171016],
                [93.00785989, 2.334867991],
                [97.39981713, 2.245030365],
                [98.58997933, 2.038415189],
                [98.6723647, 1.784428794],
                [99.07509979, 1.614765137]
            ]
        },
        "ParamsPack": {
            "Cp": 660.0,
            "T_room_init": 20,